surface_a,surface_b,token_similarity,char_similarity,decision_zone,proposed_decision,ground_truth_decision,outcome,correct,pair_type
Health_Alliance_Alpha,Health_Alliance_Beta,0.5,0.829,refer_to_human,do_not_merge,do_not_merge,referred_distinct_pair,True,false_friend
Health_Alliance_Alpha,Public_Choice_Branch,0.0,0.293,keep_separate,do_not_merge,do_not_merge,correct_keep_separate,True,false_friend
Health_Alliance_Alpha,Public_Choice_Branches,0.0,0.279,keep_separate,do_not_merge,do_not_merge,correct_keep_separate,True,false_friend
Health_Alliance_Alpha,Civic_Forum_Alpha,0.2,0.368,keep_separate,do_not_merge,do_not_merge,correct_keep_separate,True,false_friend
Health_Alliance_Alpha,Civic_Forum_Beta,0.0,0.108,keep_separate,do_not_merge,do_not_merge,correct_keep_separate,True,false_friend
Health_Alliance_Alpha,Policy_Council_Branch,0.0,0.286,keep_separate,do_not_merge,do_not_merge,correct_keep_separate,True,false_friend
Health_Alliance_Alpha,Policy_Council_Branches,0.0,0.273,keep_separate,do_not_merge,do_not_merge,correct_keep_separate,True,false_friend
Health_Alliance_Alpha,Wellness_League_Alpha,0.2,0.429,keep_separate,do_not_merge,do_not_merge,correct_keep_separate,True,false_friend
Health_Alliance_Alpha,Wellness_League_Beta,0.0,0.244,keep_separate,do_not_merge,do_not_merge,correct_keep_separate,True,false_friend
Health_Alliance_Alpha,Reform_Circle_Branch,0.0,0.341,keep_separate,do_not_merge,do_not_merge,correct_keep_separate,True,false_friend
Health_Alliance_Alpha,Reform_Circle_Branches,0.0,0.326,keep_separate,do_not_merge,do_not_merge,correct_keep_separate,True,false_friend
Health_Alliance_Alpha,Liberty_Board_Alpha,0.2,0.45,keep_separate,do_not_merge,do_not_merge,correct_keep_separate,True,false_friend
Health_Alliance_Alpha,Liberty_Board_Beta,0.0,0.256,keep_separate,do_not_merge,do_not_merge,correct_keep_separate,True,false_friend
Health_Alliance_Alpha,Standards_Coalition_Branch,0.0,0.34,keep_separate,do_not_merge,do_not_merge,correct_keep_separate,True,false_friend
Health_Alliance_Alpha,Standards_Coalition_Branches,0.0,0.327,keep_separate,do_not_merge,do_not_merge,correct_keep_separate,True,false_friend
Health_Alliance_Alpha,Data_Institute_Alpha,0.2,0.585,keep_separate,do_not_merge,do_not_merge,correct_keep_separate,True,false_friend
Health_Alliance_Alpha,Data_Institute_Beta,0.0,0.4,keep_separate,do_not_merge,do_not_merge,correct_keep_separate,True,false_friend
Health_Alliance_Alpha,Citizen_Trust_Branch,0.0,0.341,keep_separate,do_not_merge,do_not_merge,correct_keep_separate,True,false_friend
Health_Alliance_Alpha,Citizen_Trust_Branches,0.0,0.326,keep_separate,do_not_merge,do_not_merge,correct_keep_separate,True,false_friend
Health_Alliance_Alpha,Research_Society_Alpha,0.2,0.558,keep_separate,do_not_merge,do_not_merge,correct_keep_separate,True,false_friend
Health_Alliance_Alpha,Research_Society_Beta,0.0,0.238,keep_separate,do_not_merge,do_not_merge,correct_keep_separate,True,false_friend
Health_Alliance_Alpha,Market_Union_Branch,0.0,0.4,keep_separate,do_not_merge,do_not_merge,correct_keep_separate,True,false_friend
Health_Alliance_Alpha,Market_Union_Branches,0.0,0.381,keep_separate,do_not_merge,do_not_merge,correct_keep_separate,True,false_friend
Health_Alliance_Alpha,Consumer_Partnership_Alpha,0.2,0.34,keep_separate,do_not_merge,do_not_merge,correct_keep_separate,True,false_friend
Health_Alliance_Alpha,Consumer_Partnership_Beta,0.0,0.13,keep_separate,do_not_merge,do_not_merge,correct_keep_separate,True,false_friend
Health_Alliance_Alpha,Global_Assembly_Branch,0.0,0.419,keep_separate,do_not_merge,do_not_merge,correct_keep_separate,True,false_friend
Health_Alliance_Alpha,Global_Assembly_Branches,0.0,0.4,keep_separate,do_not_merge,do_not_merge,correct_keep_separate,True,false_friend
Health_Alliance_Alpha,Regional_Foundation_Alpha,0.2,0.522,keep_separate,do_not_merge,do_not_merge,correct_keep_separate,True,false_friend
Health_Alliance_Alpha,Regional_Foundation_Beta,0.0,0.267,keep_separate,do_not_merge,do_not_merge,correct_keep_separate,True,false_friend
Health_Alliance_Alpha,National_Choice_Branch,0.0,0.372,keep_separate,do_not_merge,do_not_merge,correct_keep_separate,True,false_friend
Health_Alliance_Alpha,National_Choice_Branches,0.0,0.356,keep_separate,do_not_merge,do_not_merge,correct_keep_separate,True,false_friend
Health_Alliance_Alpha,Open_Forum_Alpha,0.2,0.432,keep_separate,do_not_merge,do_not_merge,correct_keep_separate,True,false_friend
Health_Alliance_Alpha,Open_Forum_Beta,0.0,0.111,keep_separate,do_not_merge,do_not_merge,correct_keep_separate,True,false_friend
Health_Alliance_Alpha,Future_Council_Branch,0.0,0.333,keep_separate,do_not_merge,do_not_merge,correct_keep_separate,True,false_friend
Health_Alliance_Alpha,Future_Council_Branches,0.0,0.318,keep_separate,do_not_merge,do_not_merge,correct_keep_separate,True,false_friend
Health_Alliance_Alpha,Common_League_Gamma,0.0,0.3,keep_separate,do_not_merge,do_not_merge,correct_keep_separate,True,false_friend
Health_Alliance_Alpha,Common_League_Gamma_Group,0.0,0.261,keep_separate,do_not_merge,do_not_merge,correct_keep_separate,True,false_friend
Health_Alliance_Alpha,Gamma_Common_Network,0.0,0.098,keep_separate,do_not_merge,do_not_merge,correct_keep_separate,True,false_friend
Health_Alliance_Alpha,Progress_Circle_Delta,0.0,0.19,keep_separate,do_not_merge,do_not_merge,correct_keep_separate,True,false_friend
Health_Alliance_Alpha,Progress_Circle_Delta_Group,0.0,0.208,keep_separate,do_not_merge,do_not_merge,correct_keep_separate,True,false_friend
Health_Alliance_Alpha,Heritage_Board_Sigma,0.0,0.341,keep_separate,do_not_merge,do_not_merge,correct_keep_separate,True,false_friend
Health_Alliance_Alpha,Heritage_Board_Sigma_Group,0.0,0.298,keep_separate,do_not_merge,do_not_merge,correct_keep_separate,True,false_friend
Health_Alliance_Alpha,Unity_Coalition_Omega,0.0,0.238,keep_separate,do_not_merge,do_not_merge,correct_keep_separate,True,false_friend
Health_Alliance_Alpha,Unity_Coalition_Omega_Group,0.0,0.292,keep_separate,do_not_merge,do_not_merge,correct_keep_separate,True,false_friend
Health_Alliance_Alpha,Frontier_Institute_Theta,0.0,0.133,keep_separate,do_not_merge,do_not_merge,correct_keep_separate,True,false_friend
Health_Alliance_Alpha,Frontier_Institute_Theta_Group,0.0,0.196,keep_separate,do_not_merge,do_not_merge,correct_keep_separate,True,false_friend
Health_Alliance_Alpha,Summit_Trust_Lambda,0.0,0.1,keep_separate,do_not_merge,do_not_merge,correct_keep_separate,True,false_friend
Health_Alliance_Alpha,Summit_Trust_Lambda_Group,0.0,0.13,keep_separate,do_not_merge,do_not_merge,correct_keep_separate,True,false_friend
Health_Alliance_Alpha,Pioneer_Society_Kappa,0.0,0.143,keep_separate,do_not_merge,do_not_merge,correct_keep_separate,True,false_friend
Health_Alliance_Alpha,Pioneer_Society_Kappa_Group,0.0,0.167,keep_separate,do_not_merge,do_not_merge,correct_keep_separate,True,false_friend
Health_Alliance_Alpha,Kappa_Pioneer_Network,0.0,0.095,keep_separate,do_not_merge,do_not_merge,correct_keep_separate,True,false_friend
Health_Alliance_Alpha,Anchor_Union_Zeta,0.0,0.263,keep_separate,do_not_merge,do_not_merge,correct_keep_separate,True,false_friend
Health_Alliance_Alpha,Anchor_Union_Zeta_Group,0.0,0.273,keep_separate,do_not_merge,do_not_merge,correct_keep_separate,True,false_friend
Health_Alliance_Alpha,Beacon_Partnership_Eta,0.0,0.279,keep_separate,do_not_merge,do_not_merge,correct_keep_separate,True,false_friend
Health_Alliance_Alpha,Beacon_Partnership_Eta_Group,0.0,0.327,keep_separate,do_not_merge,do_not_merge,correct_keep_separate,True,false_friend
Health_Alliance_Alpha,Cardinal_Assembly_Iota,0.0,0.326,keep_separate,do_not_merge,do_not_merge,correct_keep_separate,True,false_friend
Health_Alliance_Alpha,Cardinal_Assembly_Iota_Group,0.0,0.367,keep_separate,do_not_merge,do_not_merge,correct_keep_separate,True,false_friend
Health_Alliance_Alpha,Meridian_Foundation_Mu,0.0,0.279,keep_separate,do_not_merge,do_not_merge,correct_keep_separate,True,false_friend
Health_Alliance_Alpha,Meridian_Foundation_Mu_Group,0.0,0.286,keep_separate,do_not_merge,do_not_merge,correct_keep_separate,True,false_friend
Health_Alliance_Alpha,Vanguard_Alliance_Nu,0.2,0.537,keep_separate,do_not_merge,do_not_merge,correct_keep_separate,True,false_friend
Health_Alliance_Alpha,Vanguard_Alliance_Nu_Group,0.167,0.511,keep_separate,do_not_merge,do_not_merge,correct_keep_separate,True,false_friend
Health_Alliance_Beta,Public_Choice_Branch,0.0,0.35,keep_separate,do_not_merge,do_not_merge,correct_keep_separate,True,false_friend
Health_Alliance_Beta,Public_Choice_Branches,0.0,0.333,keep_separate,do_not_merge,do_not_merge,correct_keep_separate,True,false_friend
Health_Alliance_Beta,Civic_Forum_Alpha,0.0,0.216,keep_separate,do_not_merge,do_not_merge,correct_keep_separate,True,false_friend
Health_Alliance_Beta,Civic_Forum_Beta,0.2,0.333,keep_separate,do_not_merge,do_not_merge,correct_keep_separate,True,false_friend
Health_Alliance_Beta,Policy_Council_Branch,0.0,0.244,keep_separate,do_not_merge,do_not_merge,correct_keep_separate,True,false_friend
Health_Alliance_Beta,Policy_Council_Branches,0.0,0.279,keep_separate,do_not_merge,do_not_merge,correct_keep_separate,True,false_friend
Health_Alliance_Beta,Wellness_League_Alpha,0.0,0.293,keep_separate,do_not_merge,do_not_merge,correct_keep_separate,True,false_friend
Health_Alliance_Beta,Wellness_League_Beta,0.2,0.4,keep_separate,do_not_merge,do_not_merge,correct_keep_separate,True,false_friend
Health_Alliance_Beta,Reform_Circle_Branch,0.0,0.3,keep_separate,do_not_merge,do_not_merge,correct_keep_separate,True,false_friend
Health_Alliance_Beta,Reform_Circle_Branches,0.0,0.333,keep_separate,do_not_merge,do_not_merge,correct_keep_separate,True,false_friend
Health_Alliance_Beta,Liberty_Board_Alpha,0.0,0.308,keep_separate,do_not_merge,do_not_merge,correct_keep_separate,True,false_friend
Health_Alliance_Beta,Liberty_Board_Beta,0.2,0.421,keep_separate,do_not_merge,do_not_merge,correct_keep_separate,True,false_friend
Health_Alliance_Beta,Standards_Coalition_Branch,0.0,0.304,keep_separate,do_not_merge,do_not_merge,correct_keep_separate,True,false_friend
Health_Alliance_Beta,Standards_Coalition_Branches,0.0,0.333,keep_separate,do_not_merge,do_not_merge,correct_keep_separate,True,false_friend
Health_Alliance_Beta,Data_Institute_Alpha,0.0,0.25,keep_separate,do_not_merge,do_not_merge,correct_keep_separate,True,false_friend
Health_Alliance_Beta,Data_Institute_Beta,0.2,0.564,keep_separate,do_not_merge,do_not_merge,correct_keep_separate,True,false_friend
Health_Alliance_Beta,Citizen_Trust_Branch,0.0,0.3,keep_separate,do_not_merge,do_not_merge,correct_keep_separate,True,false_friend
Health_Alliance_Beta,Citizen_Trust_Branches,0.0,0.333,keep_separate,do_not_merge,do_not_merge,correct_keep_separate,True,false_friend
Health_Alliance_Beta,Research_Society_Alpha,0.0,0.333,keep_separate,do_not_merge,do_not_merge,correct_keep_separate,True,false_friend
Health_Alliance_Beta,Research_Society_Beta,0.2,0.537,keep_separate,do_not_merge,do_not_merge,correct_keep_separate,True,false_friend
Health_Alliance_Beta,Market_Union_Branch,0.0,0.359,keep_separate,do_not_merge,do_not_merge,correct_keep_separate,True,false_friend
Health_Alliance_Beta,Market_Union_Branches,0.0,0.39,keep_separate,do_not_merge,do_not_merge,correct_keep_separate,True,false_friend
Health_Alliance_Beta,Consumer_Partnership_Alpha,0.0,0.217,keep_separate,do_not_merge,do_not_merge,correct_keep_separate,True,false_friend
Health_Alliance_Beta,Consumer_Partnership_Beta,0.2,0.311,keep_separate,do_not_merge,do_not_merge,correct_keep_separate,True,false_friend
Health_Alliance_Beta,Global_Assembly_Branch,0.0,0.381,keep_separate,do_not_merge,do_not_merge,correct_keep_separate,True,false_friend
Health_Alliance_Beta,Global_Assembly_Branches,0.0,0.409,keep_separate,do_not_merge,do_not_merge,correct_keep_separate,True,false_friend
Health_Alliance_Beta,Regional_Foundation_Alpha,0.0,0.356,keep_separate,do_not_merge,do_not_merge,correct_keep_separate,True,false_friend
Health_Alliance_Beta,Regional_Foundation_Beta,0.2,0.5,keep_separate,do_not_merge,do_not_merge,correct_keep_separate,True,false_friend
Health_Alliance_Beta,National_Choice_Branch,0.0,0.429,keep_separate,do_not_merge,do_not_merge,correct_keep_separate,True,false_friend
Health_Alliance_Beta,National_Choice_Branches,0.0,0.409,keep_separate,do_not_merge,do_not_merge,correct_keep_separate,True,false_friend
Health_Alliance_Beta,Open_Forum_Alpha,0.0,0.278,keep_separate,do_not_merge,do_not_merge,correct_keep_separate,True,false_friend
Health_Alliance_Beta,Open_Forum_Beta,0.2,0.4,keep_separate,do_not_merge,do_not_merge,correct_keep_separate,True,false_friend
Health_Alliance_Beta,Future_Council_Branch,0.0,0.293,keep_separate,do_not_merge,do_not_merge,correct_keep_separate,True,false_friend
Health_Alliance_Beta,Future_Council_Branches,0.0,0.326,keep_separate,do_not_merge,do_not_merge,correct_keep_separate,True,false_friend
Health_Alliance_Beta,Common_League_Gamma,0.0,0.256,keep_separate,do_not_merge,do_not_merge,correct_keep_separate,True,false_friend
Health_Alliance_Beta,Common_League_Gamma_Group,0.0,0.222,keep_separate,do_not_merge,do_not_merge,correct_keep_separate,True,false_friend
Health_Alliance_Beta,Gamma_Common_Network,0.0,0.3,keep_separate,do_not_merge,do_not_merge,correct_keep_separate,True,false_friend
Health_Alliance_Beta,Progress_Circle_Delta,0.0,0.195,keep_separate,do_not_merge,do_not_merge,correct_keep_separate,True,false_friend
Health_Alliance_Beta,Progress_Circle_Delta_Group,0.0,0.17,keep_separate,do_not_merge,do_not_merge,correct_keep_separate,True,false_friend
Health_Alliance_Beta,Heritage_Board_Sigma,0.0,0.35,keep_separate,do_not_merge,do_not_merge,correct_keep_separate,True,false_friend
Health_Alliance_Beta,Heritage_Board_Sigma_Group,0.0,0.304,keep_separate,do_not_merge,do_not_merge,correct_keep_separate,True,false_friend
Health_Alliance_Beta,Unity_Coalition_Omega,0.0,0.244,keep_separate,do_not_merge,do_not_merge,correct_keep_separate,True,false_friend
Health_Alliance_Beta,Unity_Coalition_Omega_Group,0.0,0.255,keep_separate,do_not_merge,do_not_merge,correct_keep_separate,True,false_friend
Health_Alliance_Beta,Frontier_Institute_Theta,0.0,0.273,keep_separate,do_not_merge,do_not_merge,correct_keep_separate,True,false_friend
Health_Alliance_Beta,Frontier_Institute_Theta_Group,0.0,0.24,keep_separate,do_not_merge,do_not_merge,correct_keep_separate,True,false_friend
Health_Alliance_Beta,Summit_Trust_Lambda,0.0,0.103,keep_separate,do_not_merge,do_not_merge,correct_keep_separate,True,false_friend
Health_Alliance_Beta,Summit_Trust_Lambda_Group,0.0,0.089,keep_separate,do_not_merge,do_not_merge,correct_keep_separate,True,false_friend
Health_Alliance_Beta,Pioneer_Society_Kappa,0.0,0.293,keep_separate,do_not_merge,do_not_merge,correct_keep_separate,True,false_friend
Health_Alliance_Beta,Pioneer_Society_Kappa_Group,0.0,0.255,keep_separate,do_not_merge,do_not_merge,correct_keep_separate,True,false_friend
Health_Alliance_Beta,Kappa_Pioneer_Network,0.0,0.244,keep_separate,do_not_merge,do_not_merge,correct_keep_separate,True,false_friend
Health_Alliance_Beta,Anchor_Union_Zeta,0.0,0.378,keep_separate,do_not_merge,do_not_merge,correct_keep_separate,True,false_friend
Health_Alliance_Beta,Anchor_Union_Zeta_Group,0.0,0.326,keep_separate,do_not_merge,do_not_merge,correct_keep_separate,True,false_friend
Health_Alliance_Beta,Beacon_Partnership_Eta,0.0,0.381,keep_separate,do_not_merge,do_not_merge,correct_keep_separate,True,false_friend
Health_Alliance_Beta,Beacon_Partnership_Eta_Group,0.0,0.333,keep_separate,do_not_merge,do_not_merge,correct_keep_separate,True,false_friend
Health_Alliance_Beta,Cardinal_Assembly_Iota,0.0,0.381,keep_separate,do_not_merge,do_not_merge,correct_keep_separate,True,false_friend
Health_Alliance_Beta,Cardinal_Assembly_Iota_Group,0.0,0.333,keep_separate,do_not_merge,do_not_merge,correct_keep_separate,True,false_friend
Health_Alliance_Beta,Meridian_Foundation_Mu,0.0,0.286,keep_separate,do_not_merge,do_not_merge,correct_keep_separate,True,false_friend
Health_Alliance_Beta,Meridian_Foundation_Mu_Group,0.0,0.25,keep_separate,do_not_merge,do_not_merge,correct_keep_separate,True,false_friend
Health_Alliance_Beta,Vanguard_Alliance_Nu,0.2,0.55,keep_separate,do_not_merge,do_not_merge,correct_keep_separate,True,false_friend
Health_Alliance_Beta,Vanguard_Alliance_Nu_Group,0.167,0.478,keep_separate,do_not_merge,do_not_merge,correct_keep_separate,True,false_friend
Public_Choice_Branch,Public_Choice_Branches,0.5,0.952,refer_to_human,do_not_merge,do_not_merge,referred_distinct_pair,True,false_friend
Public_Choice_Branch,Civic_Forum_Alpha,0.0,0.27,keep_separate,do_not_merge,do_not_merge,correct_keep_separate,True,false_friend
Public_Choice_Branch,Civic_Forum_Beta,0.0,0.389,keep_separate,do_not_merge,do_not_merge,correct_keep_separate,True,false_friend
Public_Choice_Branch,Policy_Council_Branch,0.2,0.732,keep_separate,do_not_merge,do_not_merge,correct_keep_separate,True,false_friend
Public_Choice_Branch,Policy_Council_Branches,0.0,0.698,keep_separate,do_not_merge,do_not_merge,correct_keep_separate,True,false_friend
Public_Choice_Branch,Wellness_League_Alpha,0.0,0.244,keep_separate,do_not_merge,do_not_merge,correct_keep_separate,True,false_friend
Public_Choice_Branch,Wellness_League_Beta,0.0,0.25,keep_separate,do_not_merge,do_not_merge,correct_keep_separate,True,false_friend
Public_Choice_Branch,Reform_Circle_Branch,0.2,0.6,keep_separate,do_not_merge,do_not_merge,correct_keep_separate,True,false_friend
Public_Choice_Branch,Reform_Circle_Branches,0.0,0.571,keep_separate,do_not_merge,do_not_merge,correct_keep_separate,True,false_friend
Public_Choice_Branch,Liberty_Board_Alpha,0.0,0.41,keep_separate,do_not_merge,do_not_merge,correct_keep_separate,True,false_friend
Public_Choice_Branch,Liberty_Board_Beta,0.0,0.368,keep_separate,do_not_merge,do_not_merge,correct_keep_separate,True,false_friend
Public_Choice_Branch,Standards_Coalition_Branch,0.2,0.435,keep_separate,do_not_merge,do_not_merge,correct_keep_separate,True,false_friend
Public_Choice_Branch,Standards_Coalition_Branches,0.0,0.417,keep_separate,do_not_merge,do_not_merge,correct_keep_separate,True,false_friend
Public_Choice_Branch,Data_Institute_Alpha,0.0,0.25,keep_separate,do_not_merge,do_not_merge,correct_keep_separate,True,false_friend
Public_Choice_Branch,Data_Institute_Beta,0.0,0.256,keep_separate,do_not_merge,do_not_merge,correct_keep_separate,True,false_friend
Public_Choice_Branch,Citizen_Trust_Branch,0.2,0.4,keep_separate,do_not_merge,do_not_merge,correct_keep_separate,True,false_friend
Public_Choice_Branch,Citizen_Trust_Branches,0.0,0.381,keep_separate,do_not_merge,do_not_merge,correct_keep_separate,True,false_friend
Public_Choice_Branch,Research_Society_Alpha,0.0,0.381,keep_separate,do_not_merge,do_not_merge,correct_keep_separate,True,false_friend
Public_Choice_Branch,Research_Society_Beta,0.0,0.39,keep_separate,do_not_merge,do_not_merge,correct_keep_separate,True,false_friend
Public_Choice_Branch,Market_Union_Branch,0.2,0.513,keep_separate,do_not_merge,do_not_merge,correct_keep_separate,True,false_friend
Public_Choice_Branch,Market_Union_Branches,0.0,0.488,keep_separate,do_not_merge,do_not_merge,correct_keep_separate,True,false_friend
Public_Choice_Branch,Consumer_Partnership_Alpha,0.0,0.174,keep_separate,do_not_merge,do_not_merge,correct_keep_separate,True,false_friend
Public_Choice_Branch,Consumer_Partnership_Beta,0.0,0.222,keep_separate,do_not_merge,do_not_merge,correct_keep_separate,True,false_friend
Public_Choice_Branch,Global_Assembly_Branch,0.2,0.429,keep_separate,do_not_merge,do_not_merge,correct_keep_separate,True,false_friend
Public_Choice_Branch,Global_Assembly_Branches,0.0,0.409,keep_separate,do_not_merge,do_not_merge,correct_keep_separate,True,false_friend
Public_Choice_Branch,Regional_Foundation_Alpha,0.0,0.133,keep_separate,do_not_merge,do_not_merge,correct_keep_separate,True,false_friend
Public_Choice_Branch,Regional_Foundation_Beta,0.0,0.273,keep_separate,do_not_merge,do_not_merge,correct_keep_separate,True,false_friend
Public_Choice_Branch,National_Choice_Branch,0.5,0.714,refer_to_human,do_not_merge,do_not_merge,referred_distinct_pair,True,false_friend
Public_Choice_Branch,National_Choice_Branches,0.2,0.682,keep_separate,do_not_merge,do_not_merge,correct_keep_separate,True,false_friend
Public_Choice_Branch,Open_Forum_Alpha,0.0,0.278,keep_separate,do_not_merge,do_not_merge,correct_keep_separate,True,false_friend
Public_Choice_Branch,Open_Forum_Beta,0.0,0.286,keep_separate,do_not_merge,do_not_merge,correct_keep_separate,True,false_friend
Public_Choice_Branch,Future_Council_Branch,0.2,0.585,keep_separate,do_not_merge,do_not_merge,correct_keep_separate,True,false_friend
Public_Choice_Branch,Future_Council_Branches,0.0,0.558,keep_separate,do_not_merge,do_not_merge,correct_keep_separate,True,false_friend
Public_Choice_Branch,Common_League_Gamma,0.0,0.205,keep_separate,do_not_merge,do_not_merge,correct_keep_separate,True,false_friend
Public_Choice_Branch,Common_League_Gamma_Group,0.0,0.178,keep_separate,do_not_merge,do_not_merge,correct_keep_separate,True,false_friend
Public_Choice_Branch,Gamma_Common_Network,0.0,0.25,keep_separate,do_not_merge,do_not_merge,correct_keep_separate,True,false_friend
Public_Choice_Branch,Progress_Circle_Delta,0.0,0.39,keep_separate,do_not_merge,do_not_merge,correct_keep_separate,True,false_friend
Public_Choice_Branch,Progress_Circle_Delta_Group,0.0,0.34,keep_separate,do_not_merge,do_not_merge,correct_keep_separate,True,false_friend
Public_Choice_Branch,Heritage_Board_Sigma,0.0,0.3,keep_separate,do_not_merge,do_not_merge,correct_keep_separate,True,false_friend
Public_Choice_Branch,Heritage_Board_Sigma_Group,0.0,0.261,keep_separate,do_not_merge,do_not_merge,correct_keep_separate,True,false_friend
Public_Choice_Branch,Unity_Coalition_Omega,0.0,0.341,keep_separate,do_not_merge,do_not_merge,correct_keep_separate,True,false_friend
Public_Choice_Branch,Unity_Coalition_Omega_Group,0.0,0.34,keep_separate,do_not_merge,do_not_merge,correct_keep_separate,True,false_friend
Public_Choice_Branch,Frontier_Institute_Theta,0.0,0.182,keep_separate,do_not_merge,do_not_merge,correct_keep_separate,True,false_friend
Public_Choice_Branch,Frontier_Institute_Theta_Group,0.0,0.16,keep_separate,do_not_merge,do_not_merge,correct_keep_separate,True,false_friend
Public_Choice_Branch,Summit_Trust_Lambda,0.0,0.154,keep_separate,do_not_merge,do_not_merge,correct_keep_separate,True,false_friend
Public_Choice_Branch,Summit_Trust_Lambda_Group,0.0,0.044,keep_separate,do_not_merge,do_not_merge,correct_keep_separate,True,false_friend
Public_Choice_Branch,Pioneer_Society_Kappa,0.0,0.244,keep_separate,do_not_merge,do_not_merge,correct_keep_separate,True,false_friend
Public_Choice_Branch,Pioneer_Society_Kappa_Group,0.0,0.085,keep_separate,do_not_merge,do_not_merge,correct_keep_separate,True,false_friend
Public_Choice_Branch,Kappa_Pioneer_Network,0.0,0.244,keep_separate,do_not_merge,do_not_merge,correct_keep_separate,True,false_friend
Public_Choice_Branch,Anchor_Union_Zeta,0.0,0.216,keep_separate,do_not_merge,do_not_merge,correct_keep_separate,True,false_friend
Public_Choice_Branch,Anchor_Union_Zeta_Group,0.0,0.186,keep_separate,do_not_merge,do_not_merge,correct_keep_separate,True,false_friend
Public_Choice_Branch,Beacon_Partnership_Eta,0.0,0.238,keep_separate,do_not_merge,do_not_merge,correct_keep_separate,True,false_friend
Public_Choice_Branch,Beacon_Partnership_Eta_Group,0.0,0.083,keep_separate,do_not_merge,do_not_merge,correct_keep_separate,True,false_friend
Public_Choice_Branch,Cardinal_Assembly_Iota,0.0,0.238,keep_separate,do_not_merge,do_not_merge,correct_keep_separate,True,false_friend
Public_Choice_Branch,Cardinal_Assembly_Iota_Group,0.0,0.208,keep_separate,do_not_merge,do_not_merge,correct_keep_separate,True,false_friend
Public_Choice_Branch,Meridian_Foundation_Mu,0.0,0.19,keep_separate,do_not_merge,do_not_merge,correct_keep_separate,True,false_friend
Public_Choice_Branch,Meridian_Foundation_Mu_Group,0.0,0.167,keep_separate,do_not_merge,do_not_merge,correct_keep_separate,True,false_friend
Public_Choice_Branch,Vanguard_Alliance_Nu,0.0,0.35,keep_separate,do_not_merge,do_not_merge,correct_keep_separate,True,false_friend
Public_Choice_Branch,Vanguard_Alliance_Nu_Group,0.0,0.304,keep_separate,do_not_merge,do_not_merge,correct_keep_separate,True,false_friend
Public_Choice_Branches,Civic_Forum_Alpha,0.0,0.256,keep_separate,do_not_merge,do_not_merge,correct_keep_separate,True,false_friend
Public_Choice_Branches,Civic_Forum_Beta,0.0,0.368,keep_separate,do_not_merge,do_not_merge,correct_keep_separate,True,false_friend
Public_Choice_Branches,Policy_Council_Branch,0.0,0.698,keep_separate,do_not_merge,do_not_merge,correct_keep_separate,True,false_friend
Public_Choice_Branches,Policy_Council_Branches,0.2,0.756,keep_separate,do_not_merge,do_not_merge,correct_keep_separate,True,false_friend
Public_Choice_Branches,Wellness_League_Alpha,0.0,0.233,keep_separate,do_not_merge,do_not_merge,correct_keep_separate,True,false_friend
Public_Choice_Branches,Wellness_League_Beta,0.0,0.238,keep_separate,do_not_merge,do_not_merge,correct_keep_separate,True,false_friend
Public_Choice_Branches,Reform_Circle_Branch,0.0,0.571,keep_separate,do_not_merge,do_not_merge,correct_keep_separate,True,false_friend
Public_Choice_Branches,Reform_Circle_Branches,0.2,0.636,keep_separate,do_not_merge,do_not_merge,correct_keep_separate,True,false_friend
Public_Choice_Branches,Liberty_Board_Alpha,0.0,0.39,keep_separate,do_not_merge,do_not_merge,correct_keep_separate,True,false_friend
Public_Choice_Branches,Liberty_Board_Beta,0.0,0.35,keep_separate,do_not_merge,do_not_merge,correct_keep_separate,True,false_friend
Public_Choice_Branches,Standards_Coalition_Branch,0.0,0.417,keep_separate,do_not_merge,do_not_merge,correct_keep_separate,True,false_friend
Public_Choice_Branches,Standards_Coalition_Branches,0.2,0.48,keep_separate,do_not_merge,do_not_merge,correct_keep_separate,True,false_friend
Public_Choice_Branches,Data_Institute_Alpha,0.0,0.238,keep_separate,do_not_merge,do_not_merge,correct_keep_separate,True,false_friend
Public_Choice_Branches,Data_Institute_Beta,0.0,0.244,keep_separate,do_not_merge,do_not_merge,correct_keep_separate,True,false_friend
Public_Choice_Branches,Citizen_Trust_Branch,0.0,0.381,keep_separate,do_not_merge,do_not_merge,correct_keep_separate,True,false_friend
Public_Choice_Branches,Citizen_Trust_Branches,0.2,0.455,keep_separate,do_not_merge,do_not_merge,correct_keep_separate,True,false_friend
Public_Choice_Branches,Research_Society_Alpha,0.0,0.364,keep_separate,do_not_merge,do_not_merge,correct_keep_separate,True,false_friend
Public_Choice_Branches,Research_Society_Beta,0.0,0.372,keep_separate,do_not_merge,do_not_merge,correct_keep_separate,True,false_friend
Public_Choice_Branches,Market_Union_Branch,0.0,0.488,keep_separate,do_not_merge,do_not_merge,correct_keep_separate,True,false_friend
Public_Choice_Branches,Market_Union_Branches,0.2,0.558,keep_separate,do_not_merge,do_not_merge,correct_keep_separate,True,false_friend
Public_Choice_Branches,Consumer_Partnership_Alpha,0.0,0.167,keep_separate,do_not_merge,do_not_merge,correct_keep_separate,True,false_friend
Public_Choice_Branches,Consumer_Partnership_Beta,0.0,0.213,keep_separate,do_not_merge,do_not_merge,correct_keep_separate,True,false_friend
Public_Choice_Branches,Global_Assembly_Branch,0.0,0.409,keep_separate,do_not_merge,do_not_merge,correct_keep_separate,True,false_friend
Public_Choice_Branches,Global_Assembly_Branches,0.2,0.478,keep_separate,do_not_merge,do_not_merge,correct_keep_separate,True,false_friend
Public_Choice_Branches,Regional_Foundation_Alpha,0.0,0.128,keep_separate,do_not_merge,do_not_merge,correct_keep_separate,True,false_friend
Public_Choice_Branches,Regional_Foundation_Beta,0.0,0.261,keep_separate,do_not_merge,do_not_merge,correct_keep_separate,True,false_friend
Public_Choice_Branches,National_Choice_Branch,0.2,0.682,keep_separate,do_not_merge,do_not_merge,correct_keep_separate,True,false_friend
Public_Choice_Branches,National_Choice_Branches,0.5,0.739,refer_to_human,do_not_merge,do_not_merge,referred_distinct_pair,True,false_friend
Public_Choice_Branches,Open_Forum_Alpha,0.0,0.263,keep_separate,do_not_merge,do_not_merge,correct_keep_separate,True,false_friend
Public_Choice_Branches,Open_Forum_Beta,0.0,0.27,keep_separate,do_not_merge,do_not_merge,correct_keep_separate,True,false_friend
Public_Choice_Branches,Future_Council_Branch,0.0,0.558,keep_separate,do_not_merge,do_not_merge,correct_keep_separate,True,false_friend
Public_Choice_Branches,Future_Council_Branches,0.2,0.622,keep_separate,do_not_merge,do_not_merge,correct_keep_separate,True,false_friend
Public_Choice_Branches,Common_League_Gamma,0.0,0.195,keep_separate,do_not_merge,do_not_merge,correct_keep_separate,True,false_friend
Public_Choice_Branches,Common_League_Gamma_Group,0.0,0.17,keep_separate,do_not_merge,do_not_merge,correct_keep_separate,True,false_friend
Public_Choice_Branches,Gamma_Common_Network,0.0,0.238,keep_separate,do_not_merge,do_not_merge,correct_keep_separate,True,false_friend
Public_Choice_Branches,Progress_Circle_Delta,0.0,0.372,keep_separate,do_not_merge,do_not_merge,correct_keep_separate,True,false_friend
Public_Choice_Branches,Progress_Circle_Delta_Group,0.0,0.327,keep_separate,do_not_merge,do_not_merge,correct_keep_separate,True,false_friend
Public_Choice_Branches,Heritage_Board_Sigma,0.0,0.286,keep_separate,do_not_merge,do_not_merge,correct_keep_separate,True,false_friend
Public_Choice_Branches,Heritage_Board_Sigma_Group,0.0,0.25,keep_separate,do_not_merge,do_not_merge,correct_keep_separate,True,false_friend
Public_Choice_Branches,Unity_Coalition_Omega,0.0,0.326,keep_separate,do_not_merge,do_not_merge,correct_keep_separate,True,false_friend
Public_Choice_Branches,Unity_Coalition_Omega_Group,0.0,0.327,keep_separate,do_not_merge,do_not_merge,correct_keep_separate,True,false_friend
Public_Choice_Branches,Frontier_Institute_Theta,0.0,0.217,keep_separate,do_not_merge,do_not_merge,correct_keep_separate,True,false_friend
Public_Choice_Branches,Frontier_Institute_Theta_Group,0.0,0.192,keep_separate,do_not_merge,do_not_merge,correct_keep_separate,True,false_friend
Public_Choice_Branches,Summit_Trust_Lambda,0.0,0.146,keep_separate,do_not_merge,do_not_merge,correct_keep_separate,True,false_friend
Public_Choice_Branches,Summit_Trust_Lambda_Group,0.0,0.043,keep_separate,do_not_merge,do_not_merge,correct_keep_separate,True,false_friend
Public_Choice_Branches,Pioneer_Society_Kappa,0.0,0.233,keep_separate,do_not_merge,do_not_merge,correct_keep_separate,True,false_friend
Public_Choice_Branches,Pioneer_Society_Kappa_Group,0.0,0.082,keep_separate,do_not_merge,do_not_merge,correct_keep_separate,True,false_friend
Public_Choice_Branches,Kappa_Pioneer_Network,0.0,0.233,keep_separate,do_not_merge,do_not_merge,correct_keep_separate,True,false_friend
Public_Choice_Branches,Anchor_Union_Zeta,0.0,0.256,keep_separate,do_not_merge,do_not_merge,correct_keep_separate,True,false_friend
Public_Choice_Branches,Anchor_Union_Zeta_Group,0.0,0.222,keep_separate,do_not_merge,do_not_merge,correct_keep_separate,True,false_friend
Public_Choice_Branches,Beacon_Partnership_Eta,0.0,0.227,keep_separate,do_not_merge,do_not_merge,correct_keep_separate,True,false_friend
Public_Choice_Branches,Beacon_Partnership_Eta_Group,0.0,0.08,keep_separate,do_not_merge,do_not_merge,correct_keep_separate,True,false_friend
Public_Choice_Branches,Cardinal_Assembly_Iota,0.0,0.227,keep_separate,do_not_merge,do_not_merge,correct_keep_separate,True,false_friend
Public_Choice_Branches,Cardinal_Assembly_Iota_Group,0.0,0.2,keep_separate,do_not_merge,do_not_merge,correct_keep_separate,True,false_friend
Public_Choice_Branches,Meridian_Foundation_Mu,0.0,0.182,keep_separate,do_not_merge,do_not_merge,correct_keep_separate,True,false_friend
Public_Choice_Branches,Meridian_Foundation_Mu_Group,0.0,0.16,keep_separate,do_not_merge,do_not_merge,correct_keep_separate,True,false_friend
Public_Choice_Branches,Vanguard_Alliance_Nu,0.0,0.333,keep_separate,do_not_merge,do_not_merge,correct_keep_separate,True,false_friend
Public_Choice_Branches,Vanguard_Alliance_Nu_Group,0.0,0.292,keep_separate,do_not_merge,do_not_merge,correct_keep_separate,True,false_friend
Civic_Forum_Alpha,Civic_Forum_Beta,0.5,0.788,refer_to_human,do_not_merge,do_not_merge,referred_distinct_pair,True,false_friend
Civic_Forum_Alpha,Policy_Council_Branch,0.0,0.211,keep_separate,do_not_merge,do_not_merge,correct_keep_separate,True,false_friend
Civic_Forum_Alpha,Policy_Council_Branches,0.0,0.2,keep_separate,do_not_merge,do_not_merge,correct_keep_separate,True,false_friend
Civic_Forum_Alpha,Wellness_League_Alpha,0.2,0.421,keep_separate,do_not_merge,do_not_merge,correct_keep_separate,True,false_friend
Civic_Forum_Alpha,Wellness_League_Beta,0.0,0.216,keep_separate,do_not_merge,do_not_merge,correct_keep_separate,True,false_friend
Civic_Forum_Alpha,Reform_Circle_Branch,0.0,0.378,keep_separate,do_not_merge,do_not_merge,correct_keep_separate,True,false_friend
Civic_Forum_Alpha,Reform_Circle_Branches,0.0,0.359,keep_separate,do_not_merge,do_not_merge,correct_keep_separate,True,false_friend
Civic_Forum_Alpha,Liberty_Board_Alpha,0.2,0.556,keep_separate,do_not_merge,do_not_merge,correct_keep_separate,True,false_friend
Civic_Forum_Alpha,Liberty_Board_Beta,0.0,0.343,keep_separate,do_not_merge,do_not_merge,correct_keep_separate,True,false_friend
Civic_Forum_Alpha,Standards_Coalition_Branch,0.0,0.233,keep_separate,do_not_merge,do_not_merge,correct_keep_separate,True,false_friend
Civic_Forum_Alpha,Standards_Coalition_Branches,0.0,0.222,keep_separate,do_not_merge,do_not_merge,correct_keep_separate,True,false_friend
Civic_Forum_Alpha,Data_Institute_Alpha,0.2,0.486,keep_separate,do_not_merge,do_not_merge,correct_keep_separate,True,false_friend
Civic_Forum_Alpha,Data_Institute_Beta,0.0,0.222,keep_separate,do_not_merge,do_not_merge,correct_keep_separate,True,false_friend
Civic_Forum_Alpha,Citizen_Trust_Branch,0.0,0.486,keep_separate,do_not_merge,do_not_merge,correct_keep_separate,True,false_friend
Civic_Forum_Alpha,Citizen_Trust_Branches,0.0,0.462,keep_separate,do_not_merge,do_not_merge,correct_keep_separate,True,false_friend
Civic_Forum_Alpha,Research_Society_Alpha,0.2,0.41,keep_separate,do_not_merge,do_not_merge,correct_keep_separate,True,false_friend
Civic_Forum_Alpha,Research_Society_Beta,0.0,0.211,keep_separate,do_not_merge,do_not_merge,correct_keep_separate,True,false_friend
Civic_Forum_Alpha,Market_Union_Branch,0.0,0.111,keep_separate,do_not_merge,do_not_merge,correct_keep_separate,True,false_friend
Civic_Forum_Alpha,Market_Union_Branches,0.0,0.105,keep_separate,do_not_merge,do_not_merge,correct_keep_separate,True,false_friend
Civic_Forum_Alpha,Consumer_Partnership_Alpha,0.2,0.465,keep_separate,do_not_merge,do_not_merge,correct_keep_separate,True,false_friend
Civic_Forum_Alpha,Consumer_Partnership_Beta,0.0,0.381,keep_separate,do_not_merge,do_not_merge,correct_keep_separate,True,false_friend
Civic_Forum_Alpha,Global_Assembly_Branch,0.0,0.256,keep_separate,do_not_merge,do_not_merge,correct_keep_separate,True,false_friend
Civic_Forum_Alpha,Global_Assembly_Branches,0.0,0.244,keep_separate,do_not_merge,do_not_merge,correct_keep_separate,True,false_friend
Civic_Forum_Alpha,Regional_Foundation_Alpha,0.2,0.524,keep_separate,do_not_merge,do_not_merge,correct_keep_separate,True,false_friend
Civic_Forum_Alpha,Regional_Foundation_Beta,0.0,0.341,keep_separate,do_not_merge,do_not_merge,correct_keep_separate,True,false_friend
Civic_Forum_Alpha,National_Choice_Branch,0.0,0.359,keep_separate,do_not_merge,do_not_merge,correct_keep_separate,True,false_friend
Civic_Forum_Alpha,National_Choice_Branches,0.0,0.341,keep_separate,do_not_merge,do_not_merge,correct_keep_separate,True,false_friend
Civic_Forum_Alpha,Open_Forum_Alpha,0.5,0.727,refer_to_human,do_not_merge,do_not_merge,referred_distinct_pair,True,false_friend
Civic_Forum_Alpha,Open_Forum_Beta,0.2,0.5,keep_separate,do_not_merge,do_not_merge,correct_keep_separate,True,false_friend
Civic_Forum_Alpha,Future_Council_Branch,0.0,0.211,keep_separate,do_not_merge,do_not_merge,correct_keep_separate,True,false_friend
Civic_Forum_Alpha,Future_Council_Branches,0.0,0.2,keep_separate,do_not_merge,do_not_merge,correct_keep_separate,True,false_friend
Civic_Forum_Alpha,Common_League_Gamma,0.0,0.278,keep_separate,do_not_merge,do_not_merge,correct_keep_separate,True,false_friend
Civic_Forum_Alpha,Common_League_Gamma_Group,0.0,0.238,keep_separate,do_not_merge,do_not_merge,correct_keep_separate,True,false_friend
Civic_Forum_Alpha,Gamma_Common_Network,0.0,0.216,keep_separate,do_not_merge,do_not_merge,correct_keep_separate,True,false_friend
Civic_Forum_Alpha,Progress_Circle_Delta,0.0,0.263,keep_separate,do_not_merge,do_not_merge,correct_keep_separate,True,false_friend
Civic_Forum_Alpha,Progress_Circle_Delta_Group,0.0,0.318,keep_separate,do_not_merge,do_not_merge,correct_keep_separate,True,false_friend
Civic_Forum_Alpha,Heritage_Board_Sigma,0.0,0.216,keep_separate,do_not_merge,do_not_merge,correct_keep_separate,True,false_friend
Civic_Forum_Alpha,Heritage_Board_Sigma_Group,0.0,0.279,keep_separate,do_not_merge,do_not_merge,correct_keep_separate,True,false_friend
Civic_Forum_Alpha,Unity_Coalition_Omega,0.0,0.263,keep_separate,do_not_merge,do_not_merge,correct_keep_separate,True,false_friend
Civic_Forum_Alpha,Unity_Coalition_Omega_Group,0.0,0.227,keep_separate,do_not_merge,do_not_merge,correct_keep_separate,True,false_friend
Civic_Forum_Alpha,Frontier_Institute_Theta,0.0,0.195,keep_separate,do_not_merge,do_not_merge,correct_keep_separate,True,false_friend
Civic_Forum_Alpha,Frontier_Institute_Theta_Group,0.0,0.255,keep_separate,do_not_merge,do_not_merge,correct_keep_separate,True,false_friend
Civic_Forum_Alpha,Summit_Trust_Lambda,0.0,0.333,keep_separate,do_not_merge,do_not_merge,correct_keep_separate,True,false_friend
Civic_Forum_Alpha,Summit_Trust_Lambda_Group,0.0,0.333,keep_separate,do_not_merge,do_not_merge,correct_keep_separate,True,false_friend
Civic_Forum_Alpha,Pioneer_Society_Kappa,0.0,0.316,keep_separate,do_not_merge,do_not_merge,correct_keep_separate,True,false_friend
Civic_Forum_Alpha,Pioneer_Society_Kappa_Group,0.0,0.273,keep_separate,do_not_merge,do_not_merge,correct_keep_separate,True,false_friend
Civic_Forum_Alpha,Kappa_Pioneer_Network,0.0,0.211,keep_separate,do_not_merge,do_not_merge,correct_keep_separate,True,false_friend
Civic_Forum_Alpha,Anchor_Union_Zeta,0.0,0.353,keep_separate,do_not_merge,do_not_merge,correct_keep_separate,True,false_friend
Civic_Forum_Alpha,Anchor_Union_Zeta_Group,0.0,0.35,keep_separate,do_not_merge,do_not_merge,correct_keep_separate,True,false_friend
Civic_Forum_Alpha,Beacon_Partnership_Eta,0.0,0.205,keep_separate,do_not_merge,do_not_merge,correct_keep_separate,True,false_friend
Civic_Forum_Alpha,Beacon_Partnership_Eta_Group,0.0,0.267,keep_separate,do_not_merge,do_not_merge,correct_keep_separate,True,false_friend
Civic_Forum_Alpha,Cardinal_Assembly_Iota,0.0,0.308,keep_separate,do_not_merge,do_not_merge,correct_keep_separate,True,false_friend
Civic_Forum_Alpha,Cardinal_Assembly_Iota_Group,0.0,0.267,keep_separate,do_not_merge,do_not_merge,correct_keep_separate,True,false_friend
Civic_Forum_Alpha,Meridian_Foundation_Mu,0.0,0.359,keep_separate,do_not_merge,do_not_merge,correct_keep_separate,True,false_friend
Civic_Forum_Alpha,Meridian_Foundation_Mu_Group,0.0,0.356,keep_separate,do_not_merge,do_not_merge,correct_keep_separate,True,false_friend
Civic_Forum_Alpha,Vanguard_Alliance_Nu,0.0,0.324,keep_separate,do_not_merge,do_not_merge,correct_keep_separate,True,false_friend
Civic_Forum_Alpha,Vanguard_Alliance_Nu_Group,0.0,0.279,keep_separate,do_not_merge,do_not_merge,correct_keep_separate,True,false_friend
Civic_Forum_Beta,Policy_Council_Branch,0.0,0.27,keep_separate,do_not_merge,do_not_merge,correct_keep_separate,True,false_friend
Civic_Forum_Beta,Policy_Council_Branches,0.0,0.256,keep_separate,do_not_merge,do_not_merge,correct_keep_separate,True,false_friend
Civic_Forum_Beta,Wellness_League_Alpha,0.0,0.216,keep_separate,do_not_merge,do_not_merge,correct_keep_separate,True,false_friend
Civic_Forum_Beta,Wellness_League_Beta,0.2,0.389,keep_separate,do_not_merge,do_not_merge,correct_keep_separate,True,false_friend
Civic_Forum_Beta,Reform_Circle_Branch,0.0,0.389,keep_separate,do_not_merge,do_not_merge,correct_keep_separate,True,false_friend
Civic_Forum_Beta,Reform_Circle_Branches,0.0,0.368,keep_separate,do_not_merge,do_not_merge,correct_keep_separate,True,false_friend
Civic_Forum_Beta,Liberty_Board_Alpha,0.0,0.286,keep_separate,do_not_merge,do_not_merge,correct_keep_separate,True,false_friend
Civic_Forum_Beta,Liberty_Board_Beta,0.2,0.529,keep_separate,do_not_merge,do_not_merge,correct_keep_separate,True,false_friend
Civic_Forum_Beta,Standards_Coalition_Branch,0.0,0.333,keep_separate,do_not_merge,do_not_merge,correct_keep_separate,True,false_friend
Civic_Forum_Beta,Standards_Coalition_Branches,0.0,0.318,keep_separate,do_not_merge,do_not_merge,correct_keep_separate,True,false_friend
Civic_Forum_Beta,Data_Institute_Alpha,0.0,0.111,keep_separate,do_not_merge,do_not_merge,correct_keep_separate,True,false_friend
Civic_Forum_Beta,Data_Institute_Beta,0.2,0.457,keep_separate,do_not_merge,do_not_merge,correct_keep_separate,True,false_friend
Civic_Forum_Beta,Citizen_Trust_Branch,0.0,0.5,keep_separate,do_not_merge,do_not_merge,correct_keep_separate,True,false_friend
Civic_Forum_Beta,Citizen_Trust_Branches,0.0,0.474,keep_separate,do_not_merge,do_not_merge,correct_keep_separate,True,false_friend
Civic_Forum_Beta,Research_Society_Alpha,0.0,0.263,keep_separate,do_not_merge,do_not_merge,correct_keep_separate,True,false_friend
Civic_Forum_Beta,Research_Society_Beta,0.2,0.378,keep_separate,do_not_merge,do_not_merge,correct_keep_separate,True,false_friend
Civic_Forum_Beta,Market_Union_Branch,0.0,0.286,keep_separate,do_not_merge,do_not_merge,correct_keep_separate,True,false_friend
Civic_Forum_Beta,Market_Union_Branches,0.0,0.27,keep_separate,do_not_merge,do_not_merge,correct_keep_separate,True,false_friend
Civic_Forum_Beta,Consumer_Partnership_Alpha,0.0,0.333,keep_separate,do_not_merge,do_not_merge,correct_keep_separate,True,false_friend
Civic_Forum_Beta,Consumer_Partnership_Beta,0.2,0.439,keep_separate,do_not_merge,do_not_merge,correct_keep_separate,True,false_friend
Civic_Forum_Beta,Global_Assembly_Branch,0.0,0.263,keep_separate,do_not_merge,do_not_merge,correct_keep_separate,True,false_friend
Civic_Forum_Beta,Global_Assembly_Branches,0.0,0.25,keep_separate,do_not_merge,do_not_merge,correct_keep_separate,True,false_friend
Civic_Forum_Beta,Regional_Foundation_Alpha,0.0,0.341,keep_separate,do_not_merge,do_not_merge,correct_keep_separate,True,false_friend
Civic_Forum_Beta,Regional_Foundation_Beta,0.2,0.5,keep_separate,do_not_merge,do_not_merge,correct_keep_separate,True,false_friend
Civic_Forum_Beta,National_Choice_Branch,0.0,0.316,keep_separate,do_not_merge,do_not_merge,correct_keep_separate,True,false_friend
Civic_Forum_Beta,National_Choice_Branches,0.0,0.3,keep_separate,do_not_merge,do_not_merge,correct_keep_separate,True,false_friend
Civic_Forum_Beta,Open_Forum_Alpha,0.2,0.5,keep_separate,do_not_merge,do_not_merge,correct_keep_separate,True,false_friend
Civic_Forum_Beta,Open_Forum_Beta,0.5,0.71,refer_to_human,do_not_merge,do_not_merge,referred_distinct_pair,True,false_friend
Civic_Forum_Beta,Future_Council_Branch,0.0,0.27,keep_separate,do_not_merge,do_not_merge,correct_keep_separate,True,false_friend
Civic_Forum_Beta,Future_Council_Branches,0.0,0.256,keep_separate,do_not_merge,do_not_merge,correct_keep_separate,True,false_friend
Civic_Forum_Beta,Common_League_Gamma,0.0,0.286,keep_separate,do_not_merge,do_not_merge,correct_keep_separate,True,false_friend
Civic_Forum_Beta,Common_League_Gamma_Group,0.0,0.195,keep_separate,do_not_merge,do_not_merge,correct_keep_separate,True,false_friend
Civic_Forum_Beta,Gamma_Common_Network,0.0,0.222,keep_separate,do_not_merge,do_not_merge,correct_keep_separate,True,false_friend
Civic_Forum_Beta,Progress_Circle_Delta,0.0,0.378,keep_separate,do_not_merge,do_not_merge,correct_keep_separate,True,false_friend
Civic_Forum_Beta,Progress_Circle_Delta_Group,0.0,0.326,keep_separate,do_not_merge,do_not_merge,correct_keep_separate,True,false_friend
Civic_Forum_Beta,Heritage_Board_Sigma,0.0,0.222,keep_separate,do_not_merge,do_not_merge,correct_keep_separate,True,false_friend
Civic_Forum_Beta,Heritage_Board_Sigma_Group,0.0,0.19,keep_separate,do_not_merge,do_not_merge,correct_keep_separate,True,false_friend
Civic_Forum_Beta,Unity_Coalition_Omega,0.0,0.432,keep_separate,do_not_merge,do_not_merge,correct_keep_separate,True,false_friend
Civic_Forum_Beta,Unity_Coalition_Omega_Group,0.0,0.326,keep_separate,do_not_merge,do_not_merge,correct_keep_separate,True,false_friend
Civic_Forum_Beta,Frontier_Institute_Theta,0.0,0.3,keep_separate,do_not_merge,do_not_merge,correct_keep_separate,True,false_friend
Civic_Forum_Beta,Frontier_Institute_Theta_Group,0.0,0.261,keep_separate,do_not_merge,do_not_merge,correct_keep_separate,True,false_friend
Civic_Forum_Beta,Summit_Trust_Lambda,0.0,0.4,keep_separate,do_not_merge,do_not_merge,correct_keep_separate,True,false_friend
Civic_Forum_Beta,Summit_Trust_Lambda_Group,0.0,0.293,keep_separate,do_not_merge,do_not_merge,correct_keep_separate,True,false_friend
Civic_Forum_Beta,Pioneer_Society_Kappa,0.0,0.27,keep_separate,do_not_merge,do_not_merge,correct_keep_separate,True,false_friend
Civic_Forum_Beta,Pioneer_Society_Kappa_Group,0.0,0.233,keep_separate,do_not_merge,do_not_merge,correct_keep_separate,True,false_friend
Civic_Forum_Beta,Kappa_Pioneer_Network,0.0,0.216,keep_separate,do_not_merge,do_not_merge,correct_keep_separate,True,false_friend
Civic_Forum_Beta,Anchor_Union_Zeta,0.0,0.485,keep_separate,do_not_merge,do_not_merge,correct_keep_separate,True,false_friend
Civic_Forum_Beta,Anchor_Union_Zeta_Group,0.0,0.41,keep_separate,do_not_merge,do_not_merge,correct_keep_separate,True,false_friend
Civic_Forum_Beta,Beacon_Partnership_Eta,0.0,0.316,keep_separate,do_not_merge,do_not_merge,correct_keep_separate,True,false_friend
Civic_Forum_Beta,Beacon_Partnership_Eta_Group,0.0,0.273,keep_separate,do_not_merge,do_not_merge,correct_keep_separate,True,false_friend
Civic_Forum_Beta,Cardinal_Assembly_Iota,0.0,0.316,keep_separate,do_not_merge,do_not_merge,correct_keep_separate,True,false_friend
Civic_Forum_Beta,Cardinal_Assembly_Iota_Group,0.0,0.273,keep_separate,do_not_merge,do_not_merge,correct_keep_separate,True,false_friend
Civic_Forum_Beta,Meridian_Foundation_Mu,0.0,0.368,keep_separate,do_not_merge,do_not_merge,correct_keep_separate,True,false_friend
Civic_Forum_Beta,Meridian_Foundation_Mu_Group,0.0,0.318,keep_separate,do_not_merge,do_not_merge,correct_keep_separate,True,false_friend
Civic_Forum_Beta,Vanguard_Alliance_Nu,0.0,0.167,keep_separate,do_not_merge,do_not_merge,correct_keep_separate,True,false_friend
Civic_Forum_Beta,Vanguard_Alliance_Nu_Group,0.0,0.19,keep_separate,do_not_merge,do_not_merge,correct_keep_separate,True,false_friend
Policy_Council_Branch,Policy_Council_Branches,0.5,0.955,refer_to_human,do_not_merge,do_not_merge,referred_distinct_pair,True,false_friend
Policy_Council_Branch,Wellness_League_Alpha,0.0,0.095,keep_separate,do_not_merge,do_not_merge,correct_keep_separate,True,false_friend
Policy_Council_Branch,Wellness_League_Beta,0.0,0.293,keep_separate,do_not_merge,do_not_merge,correct_keep_separate,True,false_friend
Policy_Council_Branch,Reform_Circle_Branch,0.2,0.585,keep_separate,do_not_merge,do_not_merge,correct_keep_separate,True,false_friend
Policy_Council_Branch,Reform_Circle_Branches,0.0,0.558,keep_separate,do_not_merge,do_not_merge,correct_keep_separate,True,false_friend
Policy_Council_Branch,Liberty_Board_Alpha,0.0,0.35,keep_separate,do_not_merge,do_not_merge,correct_keep_separate,True,false_friend
Policy_Council_Branch,Liberty_Board_Beta,0.0,0.41,keep_separate,do_not_merge,do_not_merge,correct_keep_separate,True,false_friend
Policy_Council_Branch,Standards_Coalition_Branch,0.2,0.468,keep_separate,do_not_merge,do_not_merge,correct_keep_separate,True,false_friend
Policy_Council_Branch,Standards_Coalition_Branches,0.0,0.449,keep_separate,do_not_merge,do_not_merge,correct_keep_separate,True,false_friend
Policy_Council_Branch,Data_Institute_Alpha,0.0,0.098,keep_separate,do_not_merge,do_not_merge,correct_keep_separate,True,false_friend
Policy_Council_Branch,Data_Institute_Beta,0.0,0.25,keep_separate,do_not_merge,do_not_merge,correct_keep_separate,True,false_friend
Policy_Council_Branch,Citizen_Trust_Branch,0.2,0.439,keep_separate,do_not_merge,do_not_merge,correct_keep_separate,True,false_friend
Policy_Council_Branch,Citizen_Trust_Branches,0.0,0.419,keep_separate,do_not_merge,do_not_merge,correct_keep_separate,True,false_friend
Policy_Council_Branch,Research_Society_Alpha,0.0,0.279,keep_separate,do_not_merge,do_not_merge,correct_keep_separate,True,false_friend
Policy_Council_Branch,Research_Society_Beta,0.0,0.286,keep_separate,do_not_merge,do_not_merge,correct_keep_separate,True,false_friend
Policy_Council_Branch,Market_Union_Branch,0.2,0.55,keep_separate,do_not_merge,do_not_merge,correct_keep_separate,True,false_friend
Policy_Council_Branch,Market_Union_Branches,0.0,0.524,keep_separate,do_not_merge,do_not_merge,correct_keep_separate,True,false_friend
Policy_Council_Branch,Consumer_Partnership_Alpha,0.0,0.298,keep_separate,do_not_merge,do_not_merge,correct_keep_separate,True,false_friend
Policy_Council_Branch,Consumer_Partnership_Beta,0.0,0.348,keep_separate,do_not_merge,do_not_merge,correct_keep_separate,True,false_friend
Policy_Council_Branch,Global_Assembly_Branch,0.2,0.465,keep_separate,do_not_merge,do_not_merge,correct_keep_separate,True,false_friend
Policy_Council_Branch,Global_Assembly_Branches,0.0,0.444,keep_separate,do_not_merge,do_not_merge,correct_keep_separate,True,false_friend
Policy_Council_Branch,Regional_Foundation_Alpha,0.0,0.391,keep_separate,do_not_merge,do_not_merge,correct_keep_separate,True,false_friend
Policy_Council_Branch,Regional_Foundation_Beta,0.0,0.444,keep_separate,do_not_merge,do_not_merge,correct_keep_separate,True,false_friend
Policy_Council_Branch,National_Choice_Branch,0.2,0.512,keep_separate,do_not_merge,do_not_merge,correct_keep_separate,True,false_friend
Policy_Council_Branch,National_Choice_Branches,0.0,0.489,keep_separate,do_not_merge,do_not_merge,correct_keep_separate,True,false_friend
Policy_Council_Branch,Open_Forum_Alpha,0.0,0.216,keep_separate,do_not_merge,do_not_merge,correct_keep_separate,True,false_friend
Policy_Council_Branch,Open_Forum_Beta,0.0,0.333,keep_separate,do_not_merge,do_not_merge,correct_keep_separate,True,false_friend
Policy_Council_Branch,Future_Council_Branch,0.5,0.714,refer_to_human,do_not_merge,do_not_merge,referred_distinct_pair,True,false_friend
Policy_Council_Branch,Future_Council_Branches,0.2,0.682,keep_separate,do_not_merge,do_not_merge,correct_keep_separate,True,false_friend
Policy_Council_Branch,Common_League_Gamma,0.0,0.25,keep_separate,do_not_merge,do_not_merge,correct_keep_separate,True,false_friend
Policy_Council_Branch,Common_League_Gamma_Group,0.0,0.217,keep_separate,do_not_merge,do_not_merge,correct_keep_separate,True,false_friend
Policy_Council_Branch,Gamma_Common_Network,0.0,0.293,keep_separate,do_not_merge,do_not_merge,correct_keep_separate,True,false_friend
Policy_Council_Branch,Progress_Circle_Delta,0.0,0.381,keep_separate,do_not_merge,do_not_merge,correct_keep_separate,True,false_friend
Policy_Council_Branch,Progress_Circle_Delta_Group,0.0,0.25,keep_separate,do_not_merge,do_not_merge,correct_keep_separate,True,false_friend
Policy_Council_Branch,Heritage_Board_Sigma,0.0,0.244,keep_separate,do_not_merge,do_not_merge,correct_keep_separate,True,false_friend
Policy_Council_Branch,Heritage_Board_Sigma_Group,0.0,0.213,keep_separate,do_not_merge,do_not_merge,correct_keep_separate,True,false_friend
Policy_Council_Branch,Unity_Coalition_Omega,0.0,0.381,keep_separate,do_not_merge,do_not_merge,correct_keep_separate,True,false_friend
Policy_Council_Branch,Unity_Coalition_Omega_Group,0.0,0.25,keep_separate,do_not_merge,do_not_merge,correct_keep_separate,True,false_friend
Policy_Council_Branch,Frontier_Institute_Theta,0.0,0.267,keep_separate,do_not_merge,do_not_merge,correct_keep_separate,True,false_friend
Policy_Council_Branch,Frontier_Institute_Theta_Group,0.0,0.196,keep_separate,do_not_merge,do_not_merge,correct_keep_separate,True,false_friend
Policy_Council_Branch,Summit_Trust_Lambda,0.0,0.15,keep_separate,do_not_merge,do_not_merge,correct_keep_separate,True,false_friend
Policy_Council_Branch,Summit_Trust_Lambda_Group,0.0,0.174,keep_separate,do_not_merge,do_not_merge,correct_keep_separate,True,false_friend
Policy_Council_Branch,Pioneer_Society_Kappa,0.0,0.286,keep_separate,do_not_merge,do_not_merge,correct_keep_separate,True,false_friend
Policy_Council_Branch,Pioneer_Society_Kappa_Group,0.0,0.292,keep_separate,do_not_merge,do_not_merge,correct_keep_separate,True,false_friend
Policy_Council_Branch,Kappa_Pioneer_Network,0.0,0.238,keep_separate,do_not_merge,do_not_merge,correct_keep_separate,True,false_friend
Policy_Council_Branch,Anchor_Union_Zeta,0.0,0.211,keep_separate,do_not_merge,do_not_merge,correct_keep_separate,True,false_friend
Policy_Council_Branch,Anchor_Union_Zeta_Group,0.0,0.182,keep_separate,do_not_merge,do_not_merge,correct_keep_separate,True,false_friend
Policy_Council_Branch,Beacon_Partnership_Eta,0.0,0.279,keep_separate,do_not_merge,do_not_merge,correct_keep_separate,True,false_friend
Policy_Council_Branch,Beacon_Partnership_Eta_Group,0.0,0.122,keep_separate,do_not_merge,do_not_merge,correct_keep_separate,True,false_friend
Policy_Council_Branch,Cardinal_Assembly_Iota,0.0,0.233,keep_separate,do_not_merge,do_not_merge,correct_keep_separate,True,false_friend
Policy_Council_Branch,Cardinal_Assembly_Iota_Group,0.0,0.204,keep_separate,do_not_merge,do_not_merge,correct_keep_separate,True,false_friend
Policy_Council_Branch,Meridian_Foundation_Mu,0.0,0.326,keep_separate,do_not_merge,do_not_merge,correct_keep_separate,True,false_friend
Policy_Council_Branch,Meridian_Foundation_Mu_Group,0.0,0.327,keep_separate,do_not_merge,do_not_merge,correct_keep_separate,True,false_friend
Policy_Council_Branch,Vanguard_Alliance_Nu,0.0,0.244,keep_separate,do_not_merge,do_not_merge,correct_keep_separate,True,false_friend
Policy_Council_Branch,Vanguard_Alliance_Nu_Group,0.0,0.213,keep_separate,do_not_merge,do_not_merge,correct_keep_separate,True,false_friend
Policy_Council_Branches,Wellness_League_Alpha,0.0,0.182,keep_separate,do_not_merge,do_not_merge,correct_keep_separate,True,false_friend
Policy_Council_Branches,Wellness_League_Beta,0.0,0.279,keep_separate,do_not_merge,do_not_merge,correct_keep_separate,True,false_friend
Policy_Council_Branches,Reform_Circle_Branch,0.0,0.558,keep_separate,do_not_merge,do_not_merge,correct_keep_separate,True,false_friend
Policy_Council_Branches,Reform_Circle_Branches,0.2,0.622,keep_separate,do_not_merge,do_not_merge,correct_keep_separate,True,false_friend
Policy_Council_Branches,Liberty_Board_Alpha,0.0,0.333,keep_separate,do_not_merge,do_not_merge,correct_keep_separate,True,false_friend
Policy_Council_Branches,Liberty_Board_Beta,0.0,0.39,keep_separate,do_not_merge,do_not_merge,correct_keep_separate,True,false_friend
Policy_Council_Branches,Standards_Coalition_Branch,0.0,0.449,keep_separate,do_not_merge,do_not_merge,correct_keep_separate,True,false_friend
Policy_Council_Branches,Standards_Coalition_Branches,0.2,0.51,keep_separate,do_not_merge,do_not_merge,correct_keep_separate,True,false_friend
Policy_Council_Branches,Data_Institute_Alpha,0.0,0.093,keep_separate,do_not_merge,do_not_merge,correct_keep_separate,True,false_friend
Policy_Council_Branches,Data_Institute_Beta,0.0,0.238,keep_separate,do_not_merge,do_not_merge,correct_keep_separate,True,false_friend
Policy_Council_Branches,Citizen_Trust_Branch,0.0,0.419,keep_separate,do_not_merge,do_not_merge,correct_keep_separate,True,false_friend
Policy_Council_Branches,Citizen_Trust_Branches,0.2,0.489,keep_separate,do_not_merge,do_not_merge,correct_keep_separate,True,false_friend
Policy_Council_Branches,Research_Society_Alpha,0.0,0.267,keep_separate,do_not_merge,do_not_merge,correct_keep_separate,True,false_friend
Policy_Council_Branches,Research_Society_Beta,0.0,0.273,keep_separate,do_not_merge,do_not_merge,correct_keep_separate,True,false_friend
Policy_Council_Branches,Market_Union_Branch,0.0,0.524,keep_separate,do_not_merge,do_not_merge,correct_keep_separate,True,false_friend
Policy_Council_Branches,Market_Union_Branches,0.2,0.591,keep_separate,do_not_merge,do_not_merge,correct_keep_separate,True,false_friend
Policy_Council_Branches,Consumer_Partnership_Alpha,0.0,0.286,keep_separate,do_not_merge,do_not_merge,correct_keep_separate,True,false_friend
Policy_Council_Branches,Consumer_Partnership_Beta,0.0,0.333,keep_separate,do_not_merge,do_not_merge,correct_keep_separate,True,false_friend
Policy_Council_Branches,Global_Assembly_Branch,0.0,0.444,keep_separate,do_not_merge,do_not_merge,correct_keep_separate,True,false_friend
Policy_Council_Branches,Global_Assembly_Branches,0.2,0.511,keep_separate,do_not_merge,do_not_merge,correct_keep_separate,True,false_friend
Policy_Council_Branches,Regional_Foundation_Alpha,0.0,0.375,keep_separate,do_not_merge,do_not_merge,correct_keep_separate,True,false_friend
Policy_Council_Branches,Regional_Foundation_Beta,0.0,0.426,keep_separate,do_not_merge,do_not_merge,correct_keep_separate,True,false_friend
Policy_Council_Branches,National_Choice_Branch,0.0,0.489,keep_separate,do_not_merge,do_not_merge,correct_keep_separate,True,false_friend
Policy_Council_Branches,National_Choice_Branches,0.2,0.553,keep_separate,do_not_merge,do_not_merge,correct_keep_separate,True,false_friend
Policy_Council_Branches,Open_Forum_Alpha,0.0,0.205,keep_separate,do_not_merge,do_not_merge,correct_keep_separate,True,false_friend
Policy_Council_Branches,Open_Forum_Beta,0.0,0.316,keep_separate,do_not_merge,do_not_merge,correct_keep_separate,True,false_friend
Policy_Council_Branches,Future_Council_Branch,0.2,0.682,keep_separate,do_not_merge,do_not_merge,correct_keep_separate,True,false_friend
Policy_Council_Branches,Future_Council_Branches,0.5,0.739,refer_to_human,do_not_merge,do_not_merge,referred_distinct_pair,True,false_friend
Policy_Council_Branches,Common_League_Gamma,0.0,0.238,keep_separate,do_not_merge,do_not_merge,correct_keep_separate,True,false_friend
Policy_Council_Branches,Common_League_Gamma_Group,0.0,0.208,keep_separate,do_not_merge,do_not_merge,correct_keep_separate,True,false_friend
Policy_Council_Branches,Gamma_Common_Network,0.0,0.279,keep_separate,do_not_merge,do_not_merge,correct_keep_separate,True,false_friend
Policy_Council_Branches,Progress_Circle_Delta,0.0,0.364,keep_separate,do_not_merge,do_not_merge,correct_keep_separate,True,false_friend
Policy_Council_Branches,Progress_Circle_Delta_Group,0.0,0.24,keep_separate,do_not_merge,do_not_merge,correct_keep_separate,True,false_friend
Policy_Council_Branches,Heritage_Board_Sigma,0.0,0.233,keep_separate,do_not_merge,do_not_merge,correct_keep_separate,True,false_friend
Policy_Council_Branches,Heritage_Board_Sigma_Group,0.0,0.204,keep_separate,do_not_merge,do_not_merge,correct_keep_separate,True,false_friend
Policy_Council_Branches,Unity_Coalition_Omega,0.0,0.364,keep_separate,do_not_merge,do_not_merge,correct_keep_separate,True,false_friend
Policy_Council_Branches,Unity_Coalition_Omega_Group,0.0,0.24,keep_separate,do_not_merge,do_not_merge,correct_keep_separate,True,false_friend
Policy_Council_Branches,Frontier_Institute_Theta,0.0,0.298,keep_separate,do_not_merge,do_not_merge,correct_keep_separate,True,false_friend
Policy_Council_Branches,Frontier_Institute_Theta_Group,0.0,0.189,keep_separate,do_not_merge,do_not_merge,correct_keep_separate,True,false_friend
Policy_Council_Branches,Summit_Trust_Lambda,0.0,0.143,keep_separate,do_not_merge,do_not_merge,correct_keep_separate,True,false_friend
Policy_Council_Branches,Summit_Trust_Lambda_Group,0.0,0.167,keep_separate,do_not_merge,do_not_merge,correct_keep_separate,True,false_friend
Policy_Council_Branches,Pioneer_Society_Kappa,0.0,0.273,keep_separate,do_not_merge,do_not_merge,correct_keep_separate,True,false_friend
Policy_Council_Branches,Pioneer_Society_Kappa_Group,0.0,0.28,keep_separate,do_not_merge,do_not_merge,correct_keep_separate,True,false_friend
Policy_Council_Branches,Kappa_Pioneer_Network,0.0,0.227,keep_separate,do_not_merge,do_not_merge,correct_keep_separate,True,false_friend
Policy_Council_Branches,Anchor_Union_Zeta,0.0,0.25,keep_separate,do_not_merge,do_not_merge,correct_keep_separate,True,false_friend
Policy_Council_Branches,Anchor_Union_Zeta_Group,0.0,0.217,keep_separate,do_not_merge,do_not_merge,correct_keep_separate,True,false_friend
Policy_Council_Branches,Beacon_Partnership_Eta,0.0,0.267,keep_separate,do_not_merge,do_not_merge,correct_keep_separate,True,false_friend
Policy_Council_Branches,Beacon_Partnership_Eta_Group,0.0,0.118,keep_separate,do_not_merge,do_not_merge,correct_keep_separate,True,false_friend
Policy_Council_Branches,Cardinal_Assembly_Iota,0.0,0.222,keep_separate,do_not_merge,do_not_merge,correct_keep_separate,True,false_friend
Policy_Council_Branches,Cardinal_Assembly_Iota_Group,0.0,0.196,keep_separate,do_not_merge,do_not_merge,correct_keep_separate,True,false_friend
Policy_Council_Branches,Meridian_Foundation_Mu,0.0,0.311,keep_separate,do_not_merge,do_not_merge,correct_keep_separate,True,false_friend
Policy_Council_Branches,Meridian_Foundation_Mu_Group,0.0,0.314,keep_separate,do_not_merge,do_not_merge,correct_keep_separate,True,false_friend
Policy_Council_Branches,Vanguard_Alliance_Nu,0.0,0.279,keep_separate,do_not_merge,do_not_merge,correct_keep_separate,True,false_friend
Policy_Council_Branches,Vanguard_Alliance_Nu_Group,0.0,0.245,keep_separate,do_not_merge,do_not_merge,correct_keep_separate,True,false_friend
Wellness_League_Alpha,Wellness_League_Beta,0.5,0.829,refer_to_human,do_not_merge,do_not_merge,referred_distinct_pair,True,false_friend
Wellness_League_Alpha,Reform_Circle_Branch,0.0,0.293,keep_separate,do_not_merge,do_not_merge,correct_keep_separate,True,false_friend
Wellness_League_Alpha,Reform_Circle_Branches,0.0,0.233,keep_separate,do_not_merge,do_not_merge,correct_keep_separate,True,false_friend
Wellness_League_Alpha,Liberty_Board_Alpha,0.2,0.45,keep_separate,do_not_merge,do_not_merge,correct_keep_separate,True,false_friend
Wellness_League_Alpha,Liberty_Board_Beta,0.0,0.154,keep_separate,do_not_merge,do_not_merge,correct_keep_separate,True,false_friend
Wellness_League_Alpha,Standards_Coalition_Branch,0.0,0.255,keep_separate,do_not_merge,do_not_merge,correct_keep_separate,True,false_friend
Wellness_League_Alpha,Standards_Coalition_Branches,0.0,0.163,keep_separate,do_not_merge,do_not_merge,correct_keep_separate,True,false_friend
Wellness_League_Alpha,Data_Institute_Alpha,0.2,0.488,keep_separate,do_not_merge,do_not_merge,correct_keep_separate,True,false_friend
Wellness_League_Alpha,Data_Institute_Beta,0.0,0.3,keep_separate,do_not_merge,do_not_merge,correct_keep_separate,True,false_friend
Wellness_League_Alpha,Citizen_Trust_Branch,0.0,0.293,keep_separate,do_not_merge,do_not_merge,correct_keep_separate,True,false_friend
Wellness_League_Alpha,Citizen_Trust_Branches,0.0,0.186,keep_separate,do_not_merge,do_not_merge,correct_keep_separate,True,false_friend
Wellness_League_Alpha,Research_Society_Alpha,0.2,0.512,keep_separate,do_not_merge,do_not_merge,correct_keep_separate,True,false_friend
Wellness_League_Alpha,Research_Society_Beta,0.0,0.333,keep_separate,do_not_merge,do_not_merge,correct_keep_separate,True,false_friend
Wellness_League_Alpha,Market_Union_Branch,0.0,0.25,keep_separate,do_not_merge,do_not_merge,correct_keep_separate,True,false_friend
Wellness_League_Alpha,Market_Union_Branches,0.0,0.19,keep_separate,do_not_merge,do_not_merge,correct_keep_separate,True,false_friend
Wellness_League_Alpha,Consumer_Partnership_Alpha,0.2,0.426,keep_separate,do_not_merge,do_not_merge,correct_keep_separate,True,false_friend
Wellness_League_Alpha,Consumer_Partnership_Beta,0.0,0.304,keep_separate,do_not_merge,do_not_merge,correct_keep_separate,True,false_friend
Wellness_League_Alpha,Global_Assembly_Branch,0.0,0.326,keep_separate,do_not_merge,do_not_merge,correct_keep_separate,True,false_friend
Wellness_League_Alpha,Global_Assembly_Branches,0.0,0.222,keep_separate,do_not_merge,do_not_merge,correct_keep_separate,True,false_friend
Wellness_League_Alpha,Regional_Foundation_Alpha,0.2,0.435,keep_separate,do_not_merge,do_not_merge,correct_keep_separate,True,false_friend
Wellness_League_Alpha,Regional_Foundation_Beta,0.0,0.222,keep_separate,do_not_merge,do_not_merge,correct_keep_separate,True,false_friend
Wellness_League_Alpha,National_Choice_Branch,0.0,0.279,keep_separate,do_not_merge,do_not_merge,correct_keep_separate,True,false_friend
Wellness_League_Alpha,National_Choice_Branches,0.0,0.178,keep_separate,do_not_merge,do_not_merge,correct_keep_separate,True,false_friend
Wellness_League_Alpha,Open_Forum_Alpha,0.2,0.541,keep_separate,do_not_merge,do_not_merge,correct_keep_separate,True,false_friend
Wellness_League_Alpha,Open_Forum_Beta,0.0,0.222,keep_separate,do_not_merge,do_not_merge,correct_keep_separate,True,false_friend
Wellness_League_Alpha,Future_Council_Branch,0.0,0.238,keep_separate,do_not_merge,do_not_merge,correct_keep_separate,True,false_friend
Wellness_League_Alpha,Future_Council_Branches,0.0,0.227,keep_separate,do_not_merge,do_not_merge,correct_keep_separate,True,false_friend
Wellness_League_Alpha,Common_League_Gamma,0.2,0.55,keep_separate,do_not_merge,do_not_merge,correct_keep_separate,True,false_friend
Wellness_League_Alpha,Common_League_Gamma_Group,0.167,0.478,keep_separate,do_not_merge,do_not_merge,correct_keep_separate,True,false_friend
Wellness_League_Alpha,Gamma_Common_Network,0.0,0.098,keep_separate,do_not_merge,do_not_merge,correct_keep_separate,True,false_friend
Wellness_League_Alpha,Progress_Circle_Delta,0.0,0.333,keep_separate,do_not_merge,do_not_merge,correct_keep_separate,True,false_friend
Wellness_League_Alpha,Progress_Circle_Delta_Group,0.0,0.417,keep_separate,do_not_merge,do_not_merge,correct_keep_separate,True,false_friend
Wellness_League_Alpha,Heritage_Board_Sigma,0.0,0.341,keep_separate,do_not_merge,do_not_merge,correct_keep_separate,True,false_friend
Wellness_League_Alpha,Heritage_Board_Sigma_Group,0.0,0.298,keep_separate,do_not_merge,do_not_merge,correct_keep_separate,True,false_friend
Wellness_League_Alpha,Unity_Coalition_Omega,0.0,0.238,keep_separate,do_not_merge,do_not_merge,correct_keep_separate,True,false_friend
Wellness_League_Alpha,Unity_Coalition_Omega_Group,0.0,0.208,keep_separate,do_not_merge,do_not_merge,correct_keep_separate,True,false_friend
Wellness_League_Alpha,Frontier_Institute_Theta,0.0,0.311,keep_separate,do_not_merge,do_not_merge,correct_keep_separate,True,false_friend
Wellness_League_Alpha,Frontier_Institute_Theta_Group,0.0,0.314,keep_separate,do_not_merge,do_not_merge,correct_keep_separate,True,false_friend
Wellness_League_Alpha,Summit_Trust_Lambda,0.0,0.3,keep_separate,do_not_merge,do_not_merge,correct_keep_separate,True,false_friend
Wellness_League_Alpha,Summit_Trust_Lambda_Group,0.0,0.348,keep_separate,do_not_merge,do_not_merge,correct_keep_separate,True,false_friend
Wellness_League_Alpha,Pioneer_Society_Kappa,0.0,0.286,keep_separate,do_not_merge,do_not_merge,correct_keep_separate,True,false_friend
Wellness_League_Alpha,Pioneer_Society_Kappa_Group,0.0,0.333,keep_separate,do_not_merge,do_not_merge,correct_keep_separate,True,false_friend
Wellness_League_Alpha,Kappa_Pioneer_Network,0.0,0.19,keep_separate,do_not_merge,do_not_merge,correct_keep_separate,True,false_friend
Wellness_League_Alpha,Anchor_Union_Zeta,0.0,0.105,keep_separate,do_not_merge,do_not_merge,correct_keep_separate,True,false_friend
Wellness_League_Alpha,Anchor_Union_Zeta_Group,0.0,0.227,keep_separate,do_not_merge,do_not_merge,correct_keep_separate,True,false_friend
Wellness_League_Alpha,Beacon_Partnership_Eta,0.0,0.326,keep_separate,do_not_merge,do_not_merge,correct_keep_separate,True,false_friend
Wellness_League_Alpha,Beacon_Partnership_Eta_Group,0.0,0.408,keep_separate,do_not_merge,do_not_merge,correct_keep_separate,True,false_friend
Wellness_League_Alpha,Cardinal_Assembly_Iota,0.0,0.233,keep_separate,do_not_merge,do_not_merge,correct_keep_separate,True,false_friend
Wellness_League_Alpha,Cardinal_Assembly_Iota_Group,0.0,0.327,keep_separate,do_not_merge,do_not_merge,correct_keep_separate,True,false_friend
Wellness_League_Alpha,Meridian_Foundation_Mu,0.0,0.233,keep_separate,do_not_merge,do_not_merge,correct_keep_separate,True,false_friend
Wellness_League_Alpha,Meridian_Foundation_Mu_Group,0.0,0.286,keep_separate,do_not_merge,do_not_merge,correct_keep_separate,True,false_friend
Wellness_League_Alpha,Vanguard_Alliance_Nu,0.0,0.341,keep_separate,do_not_merge,do_not_merge,correct_keep_separate,True,false_friend
Wellness_League_Alpha,Vanguard_Alliance_Nu_Group,0.0,0.298,keep_separate,do_not_merge,do_not_merge,correct_keep_separate,True,false_friend
Wellness_League_Beta,Reform_Circle_Branch,0.0,0.3,keep_separate,do_not_merge,do_not_merge,correct_keep_separate,True,false_friend
Wellness_League_Beta,Reform_Circle_Branches,0.0,0.286,keep_separate,do_not_merge,do_not_merge,correct_keep_separate,True,false_friend
Wellness_League_Beta,Liberty_Board_Alpha,0.0,0.205,keep_separate,do_not_merge,do_not_merge,correct_keep_separate,True,false_friend
Wellness_League_Beta,Liberty_Board_Beta,0.2,0.421,keep_separate,do_not_merge,do_not_merge,correct_keep_separate,True,false_friend
Wellness_League_Beta,Standards_Coalition_Branch,0.0,0.304,keep_separate,do_not_merge,do_not_merge,correct_keep_separate,True,false_friend
Wellness_League_Beta,Standards_Coalition_Branches,0.0,0.167,keep_separate,do_not_merge,do_not_merge,correct_keep_separate,True,false_friend
Wellness_League_Beta,Data_Institute_Alpha,0.0,0.3,keep_separate,do_not_merge,do_not_merge,correct_keep_separate,True,false_friend
Wellness_League_Beta,Data_Institute_Beta,0.2,0.462,keep_separate,do_not_merge,do_not_merge,correct_keep_separate,True,false_friend
Wellness_League_Beta,Citizen_Trust_Branch,0.0,0.3,keep_separate,do_not_merge,do_not_merge,correct_keep_separate,True,false_friend
Wellness_League_Beta,Citizen_Trust_Branches,0.0,0.19,keep_separate,do_not_merge,do_not_merge,correct_keep_separate,True,false_friend
Wellness_League_Beta,Research_Society_Alpha,0.0,0.381,keep_separate,do_not_merge,do_not_merge,correct_keep_separate,True,false_friend
Wellness_League_Beta,Research_Society_Beta,0.2,0.488,keep_separate,do_not_merge,do_not_merge,correct_keep_separate,True,false_friend
Wellness_League_Beta,Market_Union_Branch,0.0,0.256,keep_separate,do_not_merge,do_not_merge,correct_keep_separate,True,false_friend
Wellness_League_Beta,Market_Union_Branches,0.0,0.195,keep_separate,do_not_merge,do_not_merge,correct_keep_separate,True,false_friend
Wellness_League_Beta,Consumer_Partnership_Alpha,0.0,0.304,keep_separate,do_not_merge,do_not_merge,correct_keep_separate,True,false_friend
Wellness_League_Beta,Consumer_Partnership_Beta,0.2,0.4,keep_separate,do_not_merge,do_not_merge,correct_keep_separate,True,false_friend
Wellness_League_Beta,Global_Assembly_Branch,0.0,0.381,keep_separate,do_not_merge,do_not_merge,correct_keep_separate,True,false_friend
Wellness_League_Beta,Global_Assembly_Branches,0.0,0.227,keep_separate,do_not_merge,do_not_merge,correct_keep_separate,True,false_friend
Wellness_League_Beta,Regional_Foundation_Alpha,0.0,0.178,keep_separate,do_not_merge,do_not_merge,correct_keep_separate,True,false_friend
Wellness_League_Beta,Regional_Foundation_Beta,0.2,0.409,keep_separate,do_not_merge,do_not_merge,correct_keep_separate,True,false_friend
Wellness_League_Beta,National_Choice_Branch,0.0,0.286,keep_separate,do_not_merge,do_not_merge,correct_keep_separate,True,false_friend
Wellness_League_Beta,National_Choice_Branches,0.0,0.273,keep_separate,do_not_merge,do_not_merge,correct_keep_separate,True,false_friend
Wellness_League_Beta,Open_Forum_Alpha,0.0,0.167,keep_separate,do_not_merge,do_not_merge,correct_keep_separate,True,false_friend
Wellness_League_Beta,Open_Forum_Beta,0.2,0.514,keep_separate,do_not_merge,do_not_merge,correct_keep_separate,True,false_friend
Wellness_League_Beta,Future_Council_Branch,0.0,0.244,keep_separate,do_not_merge,do_not_merge,correct_keep_separate,True,false_friend
Wellness_League_Beta,Future_Council_Branches,0.0,0.233,keep_separate,do_not_merge,do_not_merge,correct_keep_separate,True,false_friend
Wellness_League_Beta,Common_League_Gamma,0.2,0.513,keep_separate,do_not_merge,do_not_merge,correct_keep_separate,True,false_friend
Wellness_League_Beta,Common_League_Gamma_Group,0.167,0.444,keep_separate,do_not_merge,do_not_merge,correct_keep_separate,True,false_friend
Wellness_League_Beta,Gamma_Common_Network,0.0,0.15,keep_separate,do_not_merge,do_not_merge,correct_keep_separate,True,false_friend
Wellness_League_Beta,Progress_Circle_Delta,0.0,0.439,keep_separate,do_not_merge,do_not_merge,correct_keep_separate,True,false_friend
Wellness_League_Beta,Progress_Circle_Delta_Group,0.0,0.383,keep_separate,do_not_merge,do_not_merge,correct_keep_separate,True,false_friend
Wellness_League_Beta,Heritage_Board_Sigma,0.0,0.35,keep_separate,do_not_merge,do_not_merge,correct_keep_separate,True,false_friend
Wellness_League_Beta,Heritage_Board_Sigma_Group,0.0,0.304,keep_separate,do_not_merge,do_not_merge,correct_keep_separate,True,false_friend
Wellness_League_Beta,Unity_Coalition_Omega,0.0,0.098,keep_separate,do_not_merge,do_not_merge,correct_keep_separate,True,false_friend
Wellness_League_Beta,Unity_Coalition_Omega_Group,0.0,0.17,keep_separate,do_not_merge,do_not_merge,correct_keep_separate,True,false_friend
Wellness_League_Beta,Frontier_Institute_Theta,0.0,0.409,keep_separate,do_not_merge,do_not_merge,correct_keep_separate,True,false_friend
Wellness_League_Beta,Frontier_Institute_Theta_Group,0.0,0.36,keep_separate,do_not_merge,do_not_merge,correct_keep_separate,True,false_friend
Wellness_League_Beta,Summit_Trust_Lambda,0.0,0.359,keep_separate,do_not_merge,do_not_merge,correct_keep_separate,True,false_friend
Wellness_League_Beta,Summit_Trust_Lambda_Group,0.0,0.311,keep_separate,do_not_merge,do_not_merge,correct_keep_separate,True,false_friend
Wellness_League_Beta,Pioneer_Society_Kappa,0.0,0.293,keep_separate,do_not_merge,do_not_merge,correct_keep_separate,True,false_friend
Wellness_League_Beta,Pioneer_Society_Kappa_Group,0.0,0.255,keep_separate,do_not_merge,do_not_merge,correct_keep_separate,True,false_friend
Wellness_League_Beta,Kappa_Pioneer_Network,0.0,0.244,keep_separate,do_not_merge,do_not_merge,correct_keep_separate,True,false_friend
Wellness_League_Beta,Anchor_Union_Zeta,0.0,0.378,keep_separate,do_not_merge,do_not_merge,correct_keep_separate,True,false_friend
Wellness_League_Beta,Anchor_Union_Zeta_Group,0.0,0.326,keep_separate,do_not_merge,do_not_merge,correct_keep_separate,True,false_friend
Wellness_League_Beta,Beacon_Partnership_Eta,0.0,0.381,keep_separate,do_not_merge,do_not_merge,correct_keep_separate,True,false_friend
Wellness_League_Beta,Beacon_Partnership_Eta_Group,0.0,0.333,keep_separate,do_not_merge,do_not_merge,correct_keep_separate,True,false_friend
Wellness_League_Beta,Cardinal_Assembly_Iota,0.0,0.286,keep_separate,do_not_merge,do_not_merge,correct_keep_separate,True,false_friend
Wellness_League_Beta,Cardinal_Assembly_Iota_Group,0.0,0.25,keep_separate,do_not_merge,do_not_merge,correct_keep_separate,True,false_friend
Wellness_League_Beta,Meridian_Foundation_Mu,0.0,0.238,keep_separate,do_not_merge,do_not_merge,correct_keep_separate,True,false_friend
Wellness_League_Beta,Meridian_Foundation_Mu_Group,0.0,0.25,keep_separate,do_not_merge,do_not_merge,correct_keep_separate,True,false_friend
Wellness_League_Beta,Vanguard_Alliance_Nu,0.0,0.25,keep_separate,do_not_merge,do_not_merge,correct_keep_separate,True,false_friend
Wellness_League_Beta,Vanguard_Alliance_Nu_Group,0.0,0.217,keep_separate,do_not_merge,do_not_merge,correct_keep_separate,True,false_friend
Reform_Circle_Branch,Reform_Circle_Branches,0.5,0.952,refer_to_human,do_not_merge,do_not_merge,referred_distinct_pair,True,false_friend
Reform_Circle_Branch,Liberty_Board_Alpha,0.0,0.308,keep_separate,do_not_merge,do_not_merge,correct_keep_separate,True,false_friend
Reform_Circle_Branch,Liberty_Board_Beta,0.0,0.263,keep_separate,do_not_merge,do_not_merge,correct_keep_separate,True,false_friend
Reform_Circle_Branch,Standards_Coalition_Branch,0.2,0.478,keep_separate,do_not_merge,do_not_merge,correct_keep_separate,True,false_friend
Reform_Circle_Branch,Standards_Coalition_Branches,0.0,0.458,keep_separate,do_not_merge,do_not_merge,correct_keep_separate,True,false_friend
Reform_Circle_Branch,Data_Institute_Alpha,0.0,0.3,keep_separate,do_not_merge,do_not_merge,correct_keep_separate,True,false_friend
Reform_Circle_Branch,Data_Institute_Beta,0.0,0.308,keep_separate,do_not_merge,do_not_merge,correct_keep_separate,True,false_friend
Reform_Circle_Branch,Citizen_Trust_Branch,0.2,0.5,keep_separate,do_not_merge,do_not_merge,correct_keep_separate,True,false_friend
Reform_Circle_Branch,Citizen_Trust_Branches,0.0,0.476,keep_separate,do_not_merge,do_not_merge,correct_keep_separate,True,false_friend
Reform_Circle_Branch,Research_Society_Alpha,0.0,0.333,keep_separate,do_not_merge,do_not_merge,correct_keep_separate,True,false_friend
Reform_Circle_Branch,Research_Society_Beta,0.0,0.439,keep_separate,do_not_merge,do_not_merge,correct_keep_separate,True,false_friend
Reform_Circle_Branch,Market_Union_Branch,0.2,0.513,keep_separate,do_not_merge,do_not_merge,correct_keep_separate,True,false_friend
Reform_Circle_Branch,Market_Union_Branches,0.0,0.488,keep_separate,do_not_merge,do_not_merge,correct_keep_separate,True,false_friend
Reform_Circle_Branch,Consumer_Partnership_Alpha,0.0,0.261,keep_separate,do_not_merge,do_not_merge,correct_keep_separate,True,false_friend
Reform_Circle_Branch,Consumer_Partnership_Beta,0.0,0.311,keep_separate,do_not_merge,do_not_merge,correct_keep_separate,True,false_friend
Reform_Circle_Branch,Global_Assembly_Branch,0.2,0.476,keep_separate,do_not_merge,do_not_merge,correct_keep_separate,True,false_friend
Reform_Circle_Branch,Global_Assembly_Branches,0.0,0.455,keep_separate,do_not_merge,do_not_merge,correct_keep_separate,True,false_friend
Reform_Circle_Branch,Regional_Foundation_Alpha,0.0,0.311,keep_separate,do_not_merge,do_not_merge,correct_keep_separate,True,false_friend
Reform_Circle_Branch,Regional_Foundation_Beta,0.0,0.364,keep_separate,do_not_merge,do_not_merge,correct_keep_separate,True,false_friend
Reform_Circle_Branch,National_Choice_Branch,0.2,0.619,keep_separate,do_not_merge,do_not_merge,correct_keep_separate,True,false_friend
Reform_Circle_Branch,National_Choice_Branches,0.0,0.591,keep_separate,do_not_merge,do_not_merge,correct_keep_separate,True,false_friend
Reform_Circle_Branch,Open_Forum_Alpha,0.0,0.444,keep_separate,do_not_merge,do_not_merge,correct_keep_separate,True,false_friend
Reform_Circle_Branch,Open_Forum_Beta,0.0,0.457,keep_separate,do_not_merge,do_not_merge,correct_keep_separate,True,false_friend
Reform_Circle_Branch,Future_Council_Branch,0.2,0.634,keep_separate,do_not_merge,do_not_merge,correct_keep_separate,True,false_friend
Reform_Circle_Branch,Future_Council_Branches,0.0,0.605,keep_separate,do_not_merge,do_not_merge,correct_keep_separate,True,false_friend
Reform_Circle_Branch,Common_League_Gamma,0.0,0.359,keep_separate,do_not_merge,do_not_merge,correct_keep_separate,True,false_friend
Reform_Circle_Branch,Common_League_Gamma_Group,0.0,0.311,keep_separate,do_not_merge,do_not_merge,correct_keep_separate,True,false_friend
Reform_Circle_Branch,Gamma_Common_Network,0.0,0.15,keep_separate,do_not_merge,do_not_merge,correct_keep_separate,True,false_friend
Reform_Circle_Branch,Progress_Circle_Delta,0.2,0.537,keep_separate,do_not_merge,do_not_merge,correct_keep_separate,True,false_friend
Reform_Circle_Branch,Progress_Circle_Delta_Group,0.167,0.468,keep_separate,do_not_merge,do_not_merge,correct_keep_separate,True,false_friend
Reform_Circle_Branch,Heritage_Board_Sigma,0.0,0.35,keep_separate,do_not_merge,do_not_merge,correct_keep_separate,True,false_friend
Reform_Circle_Branch,Heritage_Board_Sigma_Group,0.0,0.304,keep_separate,do_not_merge,do_not_merge,correct_keep_separate,True,false_friend
Reform_Circle_Branch,Unity_Coalition_Omega,0.0,0.244,keep_separate,do_not_merge,do_not_merge,correct_keep_separate,True,false_friend
Reform_Circle_Branch,Unity_Coalition_Omega_Group,0.0,0.17,keep_separate,do_not_merge,do_not_merge,correct_keep_separate,True,false_friend
Reform_Circle_Branch,Frontier_Institute_Theta,0.0,0.364,keep_separate,do_not_merge,do_not_merge,correct_keep_separate,True,false_friend
Reform_Circle_Branch,Frontier_Institute_Theta_Group,0.0,0.32,keep_separate,do_not_merge,do_not_merge,correct_keep_separate,True,false_friend
Reform_Circle_Branch,Summit_Trust_Lambda,0.0,0.205,keep_separate,do_not_merge,do_not_merge,correct_keep_separate,True,false_friend
Reform_Circle_Branch,Summit_Trust_Lambda_Group,0.0,0.089,keep_separate,do_not_merge,do_not_merge,correct_keep_separate,True,false_friend
Reform_Circle_Branch,Pioneer_Society_Kappa,0.0,0.341,keep_separate,do_not_merge,do_not_merge,correct_keep_separate,True,false_friend
Reform_Circle_Branch,Pioneer_Society_Kappa_Group,0.0,0.213,keep_separate,do_not_merge,do_not_merge,correct_keep_separate,True,false_friend
Reform_Circle_Branch,Kappa_Pioneer_Network,0.0,0.195,keep_separate,do_not_merge,do_not_merge,correct_keep_separate,True,false_friend
Reform_Circle_Branch,Anchor_Union_Zeta,0.0,0.216,keep_separate,do_not_merge,do_not_merge,correct_keep_separate,True,false_friend
Reform_Circle_Branch,Anchor_Union_Zeta_Group,0.0,0.186,keep_separate,do_not_merge,do_not_merge,correct_keep_separate,True,false_friend
Reform_Circle_Branch,Beacon_Partnership_Eta,0.0,0.286,keep_separate,do_not_merge,do_not_merge,correct_keep_separate,True,false_friend
Reform_Circle_Branch,Beacon_Partnership_Eta_Group,0.0,0.125,keep_separate,do_not_merge,do_not_merge,correct_keep_separate,True,false_friend
Reform_Circle_Branch,Cardinal_Assembly_Iota,0.0,0.19,keep_separate,do_not_merge,do_not_merge,correct_keep_separate,True,false_friend
Reform_Circle_Branch,Cardinal_Assembly_Iota_Group,0.0,0.167,keep_separate,do_not_merge,do_not_merge,correct_keep_separate,True,false_friend
Reform_Circle_Branch,Meridian_Foundation_Mu,0.0,0.19,keep_separate,do_not_merge,do_not_merge,correct_keep_separate,True,false_friend
Reform_Circle_Branch,Meridian_Foundation_Mu_Group,0.0,0.167,keep_separate,do_not_merge,do_not_merge,correct_keep_separate,True,false_friend
Reform_Circle_Branch,Vanguard_Alliance_Nu,0.0,0.3,keep_separate,do_not_merge,do_not_merge,correct_keep_separate,True,false_friend
Reform_Circle_Branch,Vanguard_Alliance_Nu_Group,0.0,0.261,keep_separate,do_not_merge,do_not_merge,correct_keep_separate,True,false_friend
Reform_Circle_Branches,Liberty_Board_Alpha,0.0,0.293,keep_separate,do_not_merge,do_not_merge,correct_keep_separate,True,false_friend
Reform_Circle_Branches,Liberty_Board_Beta,0.0,0.25,keep_separate,do_not_merge,do_not_merge,correct_keep_separate,True,false_friend
Reform_Circle_Branches,Standards_Coalition_Branch,0.0,0.458,keep_separate,do_not_merge,do_not_merge,correct_keep_separate,True,false_friend
Reform_Circle_Branches,Standards_Coalition_Branches,0.2,0.52,keep_separate,do_not_merge,do_not_merge,correct_keep_separate,True,false_friend
Reform_Circle_Branches,Data_Institute_Alpha,0.0,0.286,keep_separate,do_not_merge,do_not_merge,correct_keep_separate,True,false_friend
Reform_Circle_Branches,Data_Institute_Beta,0.0,0.293,keep_separate,do_not_merge,do_not_merge,correct_keep_separate,True,false_friend
Reform_Circle_Branches,Citizen_Trust_Branch,0.0,0.476,keep_separate,do_not_merge,do_not_merge,correct_keep_separate,True,false_friend
Reform_Circle_Branches,Citizen_Trust_Branches,0.2,0.545,keep_separate,do_not_merge,do_not_merge,correct_keep_separate,True,false_friend
Reform_Circle_Branches,Research_Society_Alpha,0.0,0.318,keep_separate,do_not_merge,do_not_merge,correct_keep_separate,True,false_friend
Reform_Circle_Branches,Research_Society_Beta,0.0,0.419,keep_separate,do_not_merge,do_not_merge,correct_keep_separate,True,false_friend
Reform_Circle_Branches,Market_Union_Branch,0.0,0.488,keep_separate,do_not_merge,do_not_merge,correct_keep_separate,True,false_friend
Reform_Circle_Branches,Market_Union_Branches,0.2,0.558,keep_separate,do_not_merge,do_not_merge,correct_keep_separate,True,false_friend
Reform_Circle_Branches,Consumer_Partnership_Alpha,0.0,0.25,keep_separate,do_not_merge,do_not_merge,correct_keep_separate,True,false_friend
Reform_Circle_Branches,Consumer_Partnership_Beta,0.0,0.298,keep_separate,do_not_merge,do_not_merge,correct_keep_separate,True,false_friend
Reform_Circle_Branches,Global_Assembly_Branch,0.0,0.455,keep_separate,do_not_merge,do_not_merge,correct_keep_separate,True,false_friend
Reform_Circle_Branches,Global_Assembly_Branches,0.2,0.522,keep_separate,do_not_merge,do_not_merge,correct_keep_separate,True,false_friend
Reform_Circle_Branches,Regional_Foundation_Alpha,0.0,0.298,keep_separate,do_not_merge,do_not_merge,correct_keep_separate,True,false_friend
Reform_Circle_Branches,Regional_Foundation_Beta,0.0,0.348,keep_separate,do_not_merge,do_not_merge,correct_keep_separate,True,false_friend
Reform_Circle_Branches,National_Choice_Branch,0.0,0.591,keep_separate,do_not_merge,do_not_merge,correct_keep_separate,True,false_friend
Reform_Circle_Branches,National_Choice_Branches,0.2,0.652,keep_separate,do_not_merge,do_not_merge,correct_keep_separate,True,false_friend
Reform_Circle_Branches,Open_Forum_Alpha,0.0,0.421,keep_separate,do_not_merge,do_not_merge,correct_keep_separate,True,false_friend
Reform_Circle_Branches,Open_Forum_Beta,0.0,0.432,keep_separate,do_not_merge,do_not_merge,correct_keep_separate,True,false_friend
Reform_Circle_Branches,Future_Council_Branch,0.0,0.605,keep_separate,do_not_merge,do_not_merge,correct_keep_separate,True,false_friend
Reform_Circle_Branches,Future_Council_Branches,0.2,0.667,keep_separate,do_not_merge,do_not_merge,correct_keep_separate,True,false_friend
Reform_Circle_Branches,Common_League_Gamma,0.0,0.341,keep_separate,do_not_merge,do_not_merge,correct_keep_separate,True,false_friend
Reform_Circle_Branches,Common_League_Gamma_Group,0.0,0.298,keep_separate,do_not_merge,do_not_merge,correct_keep_separate,True,false_friend
Reform_Circle_Branches,Gamma_Common_Network,0.0,0.143,keep_separate,do_not_merge,do_not_merge,correct_keep_separate,True,false_friend
Reform_Circle_Branches,Progress_Circle_Delta,0.2,0.512,keep_separate,do_not_merge,do_not_merge,correct_keep_separate,True,false_friend
Reform_Circle_Branches,Progress_Circle_Delta_Group,0.167,0.449,keep_separate,do_not_merge,do_not_merge,correct_keep_separate,True,false_friend
Reform_Circle_Branches,Heritage_Board_Sigma,0.0,0.333,keep_separate,do_not_merge,do_not_merge,correct_keep_separate,True,false_friend
Reform_Circle_Branches,Heritage_Board_Sigma_Group,0.0,0.292,keep_separate,do_not_merge,do_not_merge,correct_keep_separate,True,false_friend
Reform_Circle_Branches,Unity_Coalition_Omega,0.0,0.233,keep_separate,do_not_merge,do_not_merge,correct_keep_separate,True,false_friend
Reform_Circle_Branches,Unity_Coalition_Omega_Group,0.0,0.163,keep_separate,do_not_merge,do_not_merge,correct_keep_separate,True,false_friend
Reform_Circle_Branches,Frontier_Institute_Theta,0.0,0.391,keep_separate,do_not_merge,do_not_merge,correct_keep_separate,True,false_friend
Reform_Circle_Branches,Frontier_Institute_Theta_Group,0.0,0.346,keep_separate,do_not_merge,do_not_merge,correct_keep_separate,True,false_friend
Reform_Circle_Branches,Summit_Trust_Lambda,0.0,0.195,keep_separate,do_not_merge,do_not_merge,correct_keep_separate,True,false_friend
Reform_Circle_Branches,Summit_Trust_Lambda_Group,0.0,0.085,keep_separate,do_not_merge,do_not_merge,correct_keep_separate,True,false_friend
Reform_Circle_Branches,Pioneer_Society_Kappa,0.0,0.326,keep_separate,do_not_merge,do_not_merge,correct_keep_separate,True,false_friend
Reform_Circle_Branches,Pioneer_Society_Kappa_Group,0.0,0.204,keep_separate,do_not_merge,do_not_merge,correct_keep_separate,True,false_friend
Reform_Circle_Branches,Kappa_Pioneer_Network,0.0,0.186,keep_separate,do_not_merge,do_not_merge,correct_keep_separate,True,false_friend
Reform_Circle_Branches,Anchor_Union_Zeta,0.0,0.256,keep_separate,do_not_merge,do_not_merge,correct_keep_separate,True,false_friend
Reform_Circle_Branches,Anchor_Union_Zeta_Group,0.0,0.222,keep_separate,do_not_merge,do_not_merge,correct_keep_separate,True,false_friend
Reform_Circle_Branches,Beacon_Partnership_Eta,0.0,0.273,keep_separate,do_not_merge,do_not_merge,correct_keep_separate,True,false_friend
Reform_Circle_Branches,Beacon_Partnership_Eta_Group,0.0,0.12,keep_separate,do_not_merge,do_not_merge,correct_keep_separate,True,false_friend
Reform_Circle_Branches,Cardinal_Assembly_Iota,0.0,0.182,keep_separate,do_not_merge,do_not_merge,correct_keep_separate,True,false_friend
Reform_Circle_Branches,Cardinal_Assembly_Iota_Group,0.0,0.16,keep_separate,do_not_merge,do_not_merge,correct_keep_separate,True,false_friend
Reform_Circle_Branches,Meridian_Foundation_Mu,0.0,0.182,keep_separate,do_not_merge,do_not_merge,correct_keep_separate,True,false_friend
Reform_Circle_Branches,Meridian_Foundation_Mu_Group,0.0,0.16,keep_separate,do_not_merge,do_not_merge,correct_keep_separate,True,false_friend
Reform_Circle_Branches,Vanguard_Alliance_Nu,0.0,0.333,keep_separate,do_not_merge,do_not_merge,correct_keep_separate,True,false_friend
Reform_Circle_Branches,Vanguard_Alliance_Nu_Group,0.0,0.292,keep_separate,do_not_merge,do_not_merge,correct_keep_separate,True,false_friend
Liberty_Board_Alpha,Liberty_Board_Beta,0.5,0.811,refer_to_human,do_not_merge,do_not_merge,referred_distinct_pair,True,false_friend
Liberty_Board_Alpha,Standards_Coalition_Branch,0.0,0.356,keep_separate,do_not_merge,do_not_merge,correct_keep_separate,True,false_friend
Liberty_Board_Alpha,Standards_Coalition_Branches,0.0,0.34,keep_separate,do_not_merge,do_not_merge,correct_keep_separate,True,false_friend
Liberty_Board_Alpha,Data_Institute_Alpha,0.2,0.41,keep_separate,do_not_merge,do_not_merge,correct_keep_separate,True,false_friend
Liberty_Board_Alpha,Data_Institute_Beta,0.0,0.263,keep_separate,do_not_merge,do_not_merge,correct_keep_separate,True,false_friend
Liberty_Board_Alpha,Citizen_Trust_Branch,0.0,0.41,keep_separate,do_not_merge,do_not_merge,correct_keep_separate,True,false_friend
Liberty_Board_Alpha,Citizen_Trust_Branches,0.0,0.39,keep_separate,do_not_merge,do_not_merge,correct_keep_separate,True,false_friend
Liberty_Board_Alpha,Research_Society_Alpha,0.2,0.488,keep_separate,do_not_merge,do_not_merge,correct_keep_separate,True,false_friend
Liberty_Board_Alpha,Research_Society_Beta,0.0,0.35,keep_separate,do_not_merge,do_not_merge,correct_keep_separate,True,false_friend
Liberty_Board_Alpha,Market_Union_Branch,0.0,0.263,keep_separate,do_not_merge,do_not_merge,correct_keep_separate,True,false_friend
Liberty_Board_Alpha,Market_Union_Branches,0.0,0.25,keep_separate,do_not_merge,do_not_merge,correct_keep_separate,True,false_friend
Liberty_Board_Alpha,Consumer_Partnership_Alpha,0.2,0.489,keep_separate,do_not_merge,do_not_merge,correct_keep_separate,True,false_friend
Liberty_Board_Alpha,Consumer_Partnership_Beta,0.0,0.227,keep_separate,do_not_merge,do_not_merge,correct_keep_separate,True,false_friend
Liberty_Board_Alpha,Global_Assembly_Branch,0.0,0.39,keep_separate,do_not_merge,do_not_merge,correct_keep_separate,True,false_friend
Liberty_Board_Alpha,Global_Assembly_Branches,0.0,0.372,keep_separate,do_not_merge,do_not_merge,correct_keep_separate,True,false_friend
Liberty_Board_Alpha,Regional_Foundation_Alpha,0.2,0.409,keep_separate,do_not_merge,do_not_merge,correct_keep_separate,True,false_friend
Liberty_Board_Alpha,Regional_Foundation_Beta,0.0,0.279,keep_separate,do_not_merge,do_not_merge,correct_keep_separate,True,false_friend
Liberty_Board_Alpha,National_Choice_Branch,0.0,0.341,keep_separate,do_not_merge,do_not_merge,correct_keep_separate,True,false_friend
Liberty_Board_Alpha,National_Choice_Branches,0.0,0.326,keep_separate,do_not_merge,do_not_merge,correct_keep_separate,True,false_friend
Liberty_Board_Alpha,Open_Forum_Alpha,0.2,0.457,keep_separate,do_not_merge,do_not_merge,correct_keep_separate,True,false_friend
Liberty_Board_Alpha,Open_Forum_Beta,0.0,0.235,keep_separate,do_not_merge,do_not_merge,correct_keep_separate,True,false_friend
Liberty_Board_Alpha,Future_Council_Branch,0.0,0.25,keep_separate,do_not_merge,do_not_merge,correct_keep_separate,True,false_friend
Liberty_Board_Alpha,Future_Council_Branches,0.0,0.238,keep_separate,do_not_merge,do_not_merge,correct_keep_separate,True,false_friend
Liberty_Board_Alpha,Common_League_Gamma,0.0,0.263,keep_separate,do_not_merge,do_not_merge,correct_keep_separate,True,false_friend
Liberty_Board_Alpha,Common_League_Gamma_Group,0.0,0.227,keep_separate,do_not_merge,do_not_merge,correct_keep_separate,True,false_friend
Liberty_Board_Alpha,Gamma_Common_Network,0.0,0.103,keep_separate,do_not_merge,do_not_merge,correct_keep_separate,True,false_friend
Liberty_Board_Alpha,Progress_Circle_Delta,0.0,0.2,keep_separate,do_not_merge,do_not_merge,correct_keep_separate,True,false_friend
Liberty_Board_Alpha,Progress_Circle_Delta_Group,0.0,0.217,keep_separate,do_not_merge,do_not_merge,correct_keep_separate,True,false_friend
Liberty_Board_Alpha,Heritage_Board_Sigma,0.2,0.564,keep_separate,do_not_merge,do_not_merge,correct_keep_separate,True,false_friend
Liberty_Board_Alpha,Heritage_Board_Sigma_Group,0.167,0.533,keep_separate,do_not_merge,do_not_merge,correct_keep_separate,True,false_friend
Liberty_Board_Alpha,Unity_Coalition_Omega,0.0,0.4,keep_separate,do_not_merge,do_not_merge,correct_keep_separate,True,false_friend
Liberty_Board_Alpha,Unity_Coalition_Omega_Group,0.0,0.348,keep_separate,do_not_merge,do_not_merge,correct_keep_separate,True,false_friend
Liberty_Board_Alpha,Frontier_Institute_Theta,0.0,0.279,keep_separate,do_not_merge,do_not_merge,correct_keep_separate,True,false_friend
Liberty_Board_Alpha,Frontier_Institute_Theta_Group,0.0,0.286,keep_separate,do_not_merge,do_not_merge,correct_keep_separate,True,false_friend
Liberty_Board_Alpha,Summit_Trust_Lambda,0.0,0.158,keep_separate,do_not_merge,do_not_merge,correct_keep_separate,True,false_friend
Liberty_Board_Alpha,Summit_Trust_Lambda_Group,0.0,0.227,keep_separate,do_not_merge,do_not_merge,correct_keep_separate,True,false_friend
Liberty_Board_Alpha,Pioneer_Society_Kappa,0.0,0.4,keep_separate,do_not_merge,do_not_merge,correct_keep_separate,True,false_friend
Liberty_Board_Alpha,Pioneer_Society_Kappa_Group,0.0,0.348,keep_separate,do_not_merge,do_not_merge,correct_keep_separate,True,false_friend
Liberty_Board_Alpha,Kappa_Pioneer_Network,0.0,0.3,keep_separate,do_not_merge,do_not_merge,correct_keep_separate,True,false_friend
Liberty_Board_Alpha,Anchor_Union_Zeta,0.0,0.222,keep_separate,do_not_merge,do_not_merge,correct_keep_separate,True,false_friend
Liberty_Board_Alpha,Anchor_Union_Zeta_Group,0.0,0.238,keep_separate,do_not_merge,do_not_merge,correct_keep_separate,True,false_friend
Liberty_Board_Alpha,Beacon_Partnership_Eta,0.0,0.293,keep_separate,do_not_merge,do_not_merge,correct_keep_separate,True,false_friend
Liberty_Board_Alpha,Beacon_Partnership_Eta_Group,0.0,0.298,keep_separate,do_not_merge,do_not_merge,correct_keep_separate,True,false_friend
Liberty_Board_Alpha,Cardinal_Assembly_Iota,0.0,0.341,keep_separate,do_not_merge,do_not_merge,correct_keep_separate,True,false_friend
Liberty_Board_Alpha,Cardinal_Assembly_Iota_Group,0.0,0.298,keep_separate,do_not_merge,do_not_merge,correct_keep_separate,True,false_friend
Liberty_Board_Alpha,Meridian_Foundation_Mu,0.0,0.195,keep_separate,do_not_merge,do_not_merge,correct_keep_separate,True,false_friend
Liberty_Board_Alpha,Meridian_Foundation_Mu_Group,0.0,0.255,keep_separate,do_not_merge,do_not_merge,correct_keep_separate,True,false_friend
Liberty_Board_Alpha,Vanguard_Alliance_Nu,0.0,0.359,keep_separate,do_not_merge,do_not_merge,correct_keep_separate,True,false_friend
Liberty_Board_Alpha,Vanguard_Alliance_Nu_Group,0.0,0.311,keep_separate,do_not_merge,do_not_merge,correct_keep_separate,True,false_friend
Liberty_Board_Beta,Standards_Coalition_Branch,0.0,0.318,keep_separate,do_not_merge,do_not_merge,correct_keep_separate,True,false_friend
Liberty_Board_Beta,Standards_Coalition_Branches,0.0,0.304,keep_separate,do_not_merge,do_not_merge,correct_keep_separate,True,false_friend
Liberty_Board_Beta,Data_Institute_Alpha,0.0,0.158,keep_separate,do_not_merge,do_not_merge,correct_keep_separate,True,false_friend
Liberty_Board_Beta,Data_Institute_Beta,0.2,0.378,keep_separate,do_not_merge,do_not_merge,correct_keep_separate,True,false_friend
Liberty_Board_Beta,Citizen_Trust_Branch,0.0,0.368,keep_separate,do_not_merge,do_not_merge,correct_keep_separate,True,false_friend
Liberty_Board_Beta,Citizen_Trust_Branches,0.0,0.4,keep_separate,do_not_merge,do_not_merge,correct_keep_separate,True,false_friend
Liberty_Board_Beta,Research_Society_Alpha,0.0,0.35,keep_separate,do_not_merge,do_not_merge,correct_keep_separate,True,false_friend
Liberty_Board_Beta,Research_Society_Beta,0.2,0.462,keep_separate,do_not_merge,do_not_merge,correct_keep_separate,True,false_friend
Liberty_Board_Beta,Market_Union_Branch,0.0,0.216,keep_separate,do_not_merge,do_not_merge,correct_keep_separate,True,false_friend
Liberty_Board_Beta,Market_Union_Branches,0.0,0.256,keep_separate,do_not_merge,do_not_merge,correct_keep_separate,True,false_friend
Liberty_Board_Beta,Consumer_Partnership_Alpha,0.0,0.318,keep_separate,do_not_merge,do_not_merge,correct_keep_separate,True,false_friend
Liberty_Board_Beta,Consumer_Partnership_Beta,0.2,0.465,keep_separate,do_not_merge,do_not_merge,correct_keep_separate,True,false_friend
Liberty_Board_Beta,Global_Assembly_Branch,0.0,0.35,keep_separate,do_not_merge,do_not_merge,correct_keep_separate,True,false_friend
Liberty_Board_Beta,Global_Assembly_Branches,0.0,0.381,keep_separate,do_not_merge,do_not_merge,correct_keep_separate,True,false_friend
Liberty_Board_Beta,Regional_Foundation_Alpha,0.0,0.233,keep_separate,do_not_merge,do_not_merge,correct_keep_separate,True,false_friend
Liberty_Board_Beta,Regional_Foundation_Beta,0.2,0.381,keep_separate,do_not_merge,do_not_merge,correct_keep_separate,True,false_friend
Liberty_Board_Beta,National_Choice_Branch,0.0,0.3,keep_separate,do_not_merge,do_not_merge,correct_keep_separate,True,false_friend
Liberty_Board_Beta,National_Choice_Branches,0.0,0.333,keep_separate,do_not_merge,do_not_merge,correct_keep_separate,True,false_friend
Liberty_Board_Beta,Open_Forum_Alpha,0.0,0.118,keep_separate,do_not_merge,do_not_merge,correct_keep_separate,True,false_friend
Liberty_Board_Beta,Open_Forum_Beta,0.2,0.424,keep_separate,do_not_merge,do_not_merge,correct_keep_separate,True,false_friend
Liberty_Board_Beta,Future_Council_Branch,0.0,0.205,keep_separate,do_not_merge,do_not_merge,correct_keep_separate,True,false_friend
Liberty_Board_Beta,Future_Council_Branches,0.0,0.244,keep_separate,do_not_merge,do_not_merge,correct_keep_separate,True,false_friend
Liberty_Board_Beta,Common_League_Gamma,0.0,0.27,keep_separate,do_not_merge,do_not_merge,correct_keep_separate,True,false_friend
Liberty_Board_Beta,Common_League_Gamma_Group,0.0,0.186,keep_separate,do_not_merge,do_not_merge,correct_keep_separate,True,false_friend
Liberty_Board_Beta,Gamma_Common_Network,0.0,0.263,keep_separate,do_not_merge,do_not_merge,correct_keep_separate,True,false_friend
Liberty_Board_Beta,Progress_Circle_Delta,0.0,0.359,keep_separate,do_not_merge,do_not_merge,correct_keep_separate,True,false_friend
Liberty_Board_Beta,Progress_Circle_Delta_Group,0.0,0.311,keep_separate,do_not_merge,do_not_merge,correct_keep_separate,True,false_friend
Liberty_Board_Beta,Heritage_Board_Sigma,0.2,0.579,keep_separate,do_not_merge,do_not_merge,correct_keep_separate,True,false_friend
Liberty_Board_Beta,Heritage_Board_Sigma_Group,0.167,0.5,keep_separate,do_not_merge,do_not_merge,correct_keep_separate,True,false_friend
Liberty_Board_Beta,Unity_Coalition_Omega,0.0,0.462,keep_separate,do_not_merge,do_not_merge,correct_keep_separate,True,false_friend
Liberty_Board_Beta,Unity_Coalition_Omega_Group,0.0,0.311,keep_separate,do_not_merge,do_not_merge,correct_keep_separate,True,false_friend
Liberty_Board_Beta,Frontier_Institute_Theta,0.0,0.381,keep_separate,do_not_merge,do_not_merge,correct_keep_separate,True,false_friend
Liberty_Board_Beta,Frontier_Institute_Theta_Group,0.0,0.333,keep_separate,do_not_merge,do_not_merge,correct_keep_separate,True,false_friend
Liberty_Board_Beta,Summit_Trust_Lambda,0.0,0.162,keep_separate,do_not_merge,do_not_merge,correct_keep_separate,True,false_friend
Liberty_Board_Beta,Summit_Trust_Lambda_Group,0.0,0.186,keep_separate,do_not_merge,do_not_merge,correct_keep_separate,True,false_friend
Liberty_Board_Beta,Pioneer_Society_Kappa,0.0,0.41,keep_separate,do_not_merge,do_not_merge,correct_keep_separate,True,false_friend
Liberty_Board_Beta,Pioneer_Society_Kappa_Group,0.0,0.311,keep_separate,do_not_merge,do_not_merge,correct_keep_separate,True,false_friend
Liberty_Board_Beta,Kappa_Pioneer_Network,0.0,0.308,keep_separate,do_not_merge,do_not_merge,correct_keep_separate,True,false_friend
Liberty_Board_Beta,Anchor_Union_Zeta,0.0,0.286,keep_separate,do_not_merge,do_not_merge,correct_keep_separate,True,false_friend
Liberty_Board_Beta,Anchor_Union_Zeta_Group,0.0,0.244,keep_separate,do_not_merge,do_not_merge,correct_keep_separate,True,false_friend
Liberty_Board_Beta,Beacon_Partnership_Eta,0.0,0.4,keep_separate,do_not_merge,do_not_merge,correct_keep_separate,True,false_friend
Liberty_Board_Beta,Beacon_Partnership_Eta_Group,0.0,0.348,keep_separate,do_not_merge,do_not_merge,correct_keep_separate,True,false_friend
Liberty_Board_Beta,Cardinal_Assembly_Iota,0.0,0.35,keep_separate,do_not_merge,do_not_merge,correct_keep_separate,True,false_friend
Liberty_Board_Beta,Cardinal_Assembly_Iota_Group,0.0,0.304,keep_separate,do_not_merge,do_not_merge,correct_keep_separate,True,false_friend
Liberty_Board_Beta,Meridian_Foundation_Mu,0.0,0.2,keep_separate,do_not_merge,do_not_merge,correct_keep_separate,True,false_friend
Liberty_Board_Beta,Meridian_Foundation_Mu_Group,0.0,0.217,keep_separate,do_not_merge,do_not_merge,correct_keep_separate,True,false_friend
Liberty_Board_Beta,Vanguard_Alliance_Nu,0.0,0.263,keep_separate,do_not_merge,do_not_merge,correct_keep_separate,True,false_friend
Liberty_Board_Beta,Vanguard_Alliance_Nu_Group,0.0,0.227,keep_separate,do_not_merge,do_not_merge,correct_keep_separate,True,false_friend
Standards_Coalition_Branch,Standards_Coalition_Branches,0.5,0.963,refer_to_human,do_not_merge,do_not_merge,referred_distinct_pair,True,false_friend
Standards_Coalition_Branch,Data_Institute_Alpha,0.0,0.261,keep_separate,do_not_merge,do_not_merge,correct_keep_separate,True,false_friend
Standards_Coalition_Branch,Data_Institute_Beta,0.0,0.311,keep_separate,do_not_merge,do_not_merge,correct_keep_separate,True,false_friend
Standards_Coalition_Branch,Citizen_Trust_Branch,0.2,0.522,keep_separate,do_not_merge,do_not_merge,correct_keep_separate,True,false_friend
Standards_Coalition_Branch,Citizen_Trust_Branches,0.0,0.5,keep_separate,do_not_merge,do_not_merge,correct_keep_separate,True,false_friend
Standards_Coalition_Branch,Research_Society_Alpha,0.0,0.333,keep_separate,do_not_merge,do_not_merge,correct_keep_separate,True,false_friend
Standards_Coalition_Branch,Research_Society_Beta,0.0,0.128,keep_separate,do_not_merge,do_not_merge,correct_keep_separate,True,false_friend
Standards_Coalition_Branch,Market_Union_Branch,0.2,0.578,keep_separate,do_not_merge,do_not_merge,correct_keep_separate,True,false_friend
Standards_Coalition_Branch,Market_Union_Branches,0.0,0.553,keep_separate,do_not_merge,do_not_merge,correct_keep_separate,True,false_friend
Standards_Coalition_Branch,Consumer_Partnership_Alpha,0.0,0.308,keep_separate,do_not_merge,do_not_merge,correct_keep_separate,True,false_friend
Standards_Coalition_Branch,Consumer_Partnership_Beta,0.0,0.118,keep_separate,do_not_merge,do_not_merge,correct_keep_separate,True,false_friend
Standards_Coalition_Branch,Global_Assembly_Branch,0.2,0.417,keep_separate,do_not_merge,do_not_merge,correct_keep_separate,True,false_friend
Standards_Coalition_Branch,Global_Assembly_Branches,0.0,0.4,keep_separate,do_not_merge,do_not_merge,correct_keep_separate,True,false_friend
Standards_Coalition_Branch,Regional_Foundation_Alpha,0.0,0.431,keep_separate,do_not_merge,do_not_merge,correct_keep_separate,True,false_friend
Standards_Coalition_Branch,Regional_Foundation_Beta,0.0,0.44,keep_separate,do_not_merge,do_not_merge,correct_keep_separate,True,false_friend
Standards_Coalition_Branch,National_Choice_Branch,0.2,0.5,keep_separate,do_not_merge,do_not_merge,correct_keep_separate,True,false_friend
Standards_Coalition_Branch,National_Choice_Branches,0.0,0.48,keep_separate,do_not_merge,do_not_merge,correct_keep_separate,True,false_friend
Standards_Coalition_Branch,Open_Forum_Alpha,0.0,0.286,keep_separate,do_not_merge,do_not_merge,correct_keep_separate,True,false_friend
Standards_Coalition_Branch,Open_Forum_Beta,0.0,0.098,keep_separate,do_not_merge,do_not_merge,correct_keep_separate,True,false_friend
Standards_Coalition_Branch,Future_Council_Branch,0.2,0.553,keep_separate,do_not_merge,do_not_merge,correct_keep_separate,True,false_friend
Standards_Coalition_Branch,Future_Council_Branches,0.0,0.531,keep_separate,do_not_merge,do_not_merge,correct_keep_separate,True,false_friend
Standards_Coalition_Branch,Common_League_Gamma,0.0,0.267,keep_separate,do_not_merge,do_not_merge,correct_keep_separate,True,false_friend
Standards_Coalition_Branch,Common_League_Gamma_Group,0.0,0.235,keep_separate,do_not_merge,do_not_merge,correct_keep_separate,True,false_friend
Standards_Coalition_Branch,Gamma_Common_Network,0.0,0.391,keep_separate,do_not_merge,do_not_merge,correct_keep_separate,True,false_friend
Standards_Coalition_Branch,Progress_Circle_Delta,0.0,0.213,keep_separate,do_not_merge,do_not_merge,correct_keep_separate,True,false_friend
Standards_Coalition_Branch,Progress_Circle_Delta_Group,0.0,0.189,keep_separate,do_not_merge,do_not_merge,correct_keep_separate,True,false_friend
Standards_Coalition_Branch,Heritage_Board_Sigma,0.0,0.304,keep_separate,do_not_merge,do_not_merge,correct_keep_separate,True,false_friend
Standards_Coalition_Branch,Heritage_Board_Sigma_Group,0.0,0.308,keep_separate,do_not_merge,do_not_merge,correct_keep_separate,True,false_friend
Standards_Coalition_Branch,Unity_Coalition_Omega,0.2,0.553,keep_separate,do_not_merge,do_not_merge,correct_keep_separate,True,false_friend
Standards_Coalition_Branch,Unity_Coalition_Omega_Group,0.167,0.491,keep_separate,do_not_merge,do_not_merge,correct_keep_separate,True,false_friend
Standards_Coalition_Branch,Frontier_Institute_Theta,0.0,0.24,keep_separate,do_not_merge,do_not_merge,correct_keep_separate,True,false_friend
Standards_Coalition_Branch,Frontier_Institute_Theta_Group,0.0,0.179,keep_separate,do_not_merge,do_not_merge,correct_keep_separate,True,false_friend
Standards_Coalition_Branch,Summit_Trust_Lambda,0.0,0.222,keep_separate,do_not_merge,do_not_merge,correct_keep_separate,True,false_friend
Standards_Coalition_Branch,Summit_Trust_Lambda_Group,0.0,0.275,keep_separate,do_not_merge,do_not_merge,correct_keep_separate,True,false_friend
Standards_Coalition_Branch,Pioneer_Society_Kappa,0.0,0.213,keep_separate,do_not_merge,do_not_merge,correct_keep_separate,True,false_friend
Standards_Coalition_Branch,Pioneer_Society_Kappa_Group,0.0,0.189,keep_separate,do_not_merge,do_not_merge,correct_keep_separate,True,false_friend
Standards_Coalition_Branch,Kappa_Pioneer_Network,0.0,0.34,keep_separate,do_not_merge,do_not_merge,correct_keep_separate,True,false_friend
Standards_Coalition_Branch,Anchor_Union_Zeta,0.0,0.419,keep_separate,do_not_merge,do_not_merge,correct_keep_separate,True,false_friend
Standards_Coalition_Branch,Anchor_Union_Zeta_Group,0.0,0.367,keep_separate,do_not_merge,do_not_merge,correct_keep_separate,True,false_friend
Standards_Coalition_Branch,Beacon_Partnership_Eta,0.0,0.292,keep_separate,do_not_merge,do_not_merge,correct_keep_separate,True,false_friend
Standards_Coalition_Branch,Beacon_Partnership_Eta_Group,0.0,0.259,keep_separate,do_not_merge,do_not_merge,correct_keep_separate,True,false_friend
Standards_Coalition_Branch,Cardinal_Assembly_Iota,0.0,0.333,keep_separate,do_not_merge,do_not_merge,correct_keep_separate,True,false_friend
Standards_Coalition_Branch,Cardinal_Assembly_Iota_Group,0.0,0.333,keep_separate,do_not_merge,do_not_merge,correct_keep_separate,True,false_friend
Standards_Coalition_Branch,Meridian_Foundation_Mu,0.0,0.375,keep_separate,do_not_merge,do_not_merge,correct_keep_separate,True,false_friend
Standards_Coalition_Branch,Meridian_Foundation_Mu_Group,0.0,0.37,keep_separate,do_not_merge,do_not_merge,correct_keep_separate,True,false_friend
Standards_Coalition_Branch,Vanguard_Alliance_Nu,0.0,0.522,keep_separate,do_not_merge,do_not_merge,correct_keep_separate,True,false_friend
Standards_Coalition_Branch,Vanguard_Alliance_Nu_Group,0.0,0.462,keep_separate,do_not_merge,do_not_merge,correct_keep_separate,True,false_friend
Standards_Coalition_Branches,Data_Institute_Alpha,0.0,0.25,keep_separate,do_not_merge,do_not_merge,correct_keep_separate,True,false_friend
Standards_Coalition_Branches,Data_Institute_Beta,0.0,0.298,keep_separate,do_not_merge,do_not_merge,correct_keep_separate,True,false_friend
Standards_Coalition_Branches,Citizen_Trust_Branch,0.0,0.5,keep_separate,do_not_merge,do_not_merge,correct_keep_separate,True,false_friend
Standards_Coalition_Branches,Citizen_Trust_Branches,0.2,0.56,keep_separate,do_not_merge,do_not_merge,correct_keep_separate,True,false_friend
Standards_Coalition_Branches,Research_Society_Alpha,0.0,0.32,keep_separate,do_not_merge,do_not_merge,correct_keep_separate,True,false_friend
Standards_Coalition_Branches,Research_Society_Beta,0.0,0.122,keep_separate,do_not_merge,do_not_merge,correct_keep_separate,True,false_friend
Standards_Coalition_Branches,Market_Union_Branch,0.0,0.553,keep_separate,do_not_merge,do_not_merge,correct_keep_separate,True,false_friend
Standards_Coalition_Branches,Market_Union_Branches,0.2,0.612,keep_separate,do_not_merge,do_not_merge,correct_keep_separate,True,false_friend
Standards_Coalition_Branches,Consumer_Partnership_Alpha,0.0,0.296,keep_separate,do_not_merge,do_not_merge,correct_keep_separate,True,false_friend
Standards_Coalition_Branches,Consumer_Partnership_Beta,0.0,0.113,keep_separate,do_not_merge,do_not_merge,correct_keep_separate,True,false_friend
Standards_Coalition_Branches,Global_Assembly_Branch,0.0,0.4,keep_separate,do_not_merge,do_not_merge,correct_keep_separate,True,false_friend
Standards_Coalition_Branches,Global_Assembly_Branches,0.2,0.462,keep_separate,do_not_merge,do_not_merge,correct_keep_separate,True,false_friend
Standards_Coalition_Branches,Regional_Foundation_Alpha,0.0,0.415,keep_separate,do_not_merge,do_not_merge,correct_keep_separate,True,false_friend
Standards_Coalition_Branches,Regional_Foundation_Beta,0.0,0.423,keep_separate,do_not_merge,do_not_merge,correct_keep_separate,True,false_friend
Standards_Coalition_Branches,National_Choice_Branch,0.0,0.48,keep_separate,do_not_merge,do_not_merge,correct_keep_separate,True,false_friend
Standards_Coalition_Branches,National_Choice_Branches,0.2,0.538,keep_separate,do_not_merge,do_not_merge,correct_keep_separate,True,false_friend
Standards_Coalition_Branches,Open_Forum_Alpha,0.0,0.273,keep_separate,do_not_merge,do_not_merge,correct_keep_separate,True,false_friend
Standards_Coalition_Branches,Open_Forum_Beta,0.0,0.093,keep_separate,do_not_merge,do_not_merge,correct_keep_separate,True,false_friend
Standards_Coalition_Branches,Future_Council_Branch,0.0,0.531,keep_separate,do_not_merge,do_not_merge,correct_keep_separate,True,false_friend
Standards_Coalition_Branches,Future_Council_Branches,0.2,0.588,keep_separate,do_not_merge,do_not_merge,correct_keep_separate,True,false_friend
Standards_Coalition_Branches,Common_League_Gamma,0.0,0.298,keep_separate,do_not_merge,do_not_merge,correct_keep_separate,True,false_friend
Standards_Coalition_Branches,Common_League_Gamma_Group,0.0,0.226,keep_separate,do_not_merge,do_not_merge,correct_keep_separate,True,false_friend
Standards_Coalition_Branches,Gamma_Common_Network,0.0,0.375,keep_separate,do_not_merge,do_not_merge,correct_keep_separate,True,false_friend
Standards_Coalition_Branches,Progress_Circle_Delta,0.0,0.204,keep_separate,do_not_merge,do_not_merge,correct_keep_separate,True,false_friend
Standards_Coalition_Branches,Progress_Circle_Delta_Group,0.0,0.182,keep_separate,do_not_merge,do_not_merge,correct_keep_separate,True,false_friend
Standards_Coalition_Branches,Heritage_Board_Sigma,0.0,0.292,keep_separate,do_not_merge,do_not_merge,correct_keep_separate,True,false_friend
Standards_Coalition_Branches,Heritage_Board_Sigma_Group,0.0,0.296,keep_separate,do_not_merge,do_not_merge,correct_keep_separate,True,false_friend
Standards_Coalition_Branches,Unity_Coalition_Omega,0.2,0.531,keep_separate,do_not_merge,do_not_merge,correct_keep_separate,True,false_friend
Standards_Coalition_Branches,Unity_Coalition_Omega_Group,0.167,0.473,keep_separate,do_not_merge,do_not_merge,correct_keep_separate,True,false_friend
Standards_Coalition_Branches,Frontier_Institute_Theta,0.0,0.269,keep_separate,do_not_merge,do_not_merge,correct_keep_separate,True,false_friend
Standards_Coalition_Branches,Frontier_Institute_Theta_Group,0.0,0.241,keep_separate,do_not_merge,do_not_merge,correct_keep_separate,True,false_friend
Standards_Coalition_Branches,Summit_Trust_Lambda,0.0,0.213,keep_separate,do_not_merge,do_not_merge,correct_keep_separate,True,false_friend
Standards_Coalition_Branches,Summit_Trust_Lambda_Group,0.0,0.264,keep_separate,do_not_merge,do_not_merge,correct_keep_separate,True,false_friend
Standards_Coalition_Branches,Pioneer_Society_Kappa,0.0,0.204,keep_separate,do_not_merge,do_not_merge,correct_keep_separate,True,false_friend
Standards_Coalition_Branches,Pioneer_Society_Kappa_Group,0.0,0.182,keep_separate,do_not_merge,do_not_merge,correct_keep_separate,True,false_friend
Standards_Coalition_Branches,Kappa_Pioneer_Network,0.0,0.327,keep_separate,do_not_merge,do_not_merge,correct_keep_separate,True,false_friend
Standards_Coalition_Branches,Anchor_Union_Zeta,0.0,0.4,keep_separate,do_not_merge,do_not_merge,correct_keep_separate,True,false_friend
Standards_Coalition_Branches,Anchor_Union_Zeta_Group,0.0,0.353,keep_separate,do_not_merge,do_not_merge,correct_keep_separate,True,false_friend
Standards_Coalition_Branches,Beacon_Partnership_Eta,0.0,0.28,keep_separate,do_not_merge,do_not_merge,correct_keep_separate,True,false_friend
Standards_Coalition_Branches,Beacon_Partnership_Eta_Group,0.0,0.25,keep_separate,do_not_merge,do_not_merge,correct_keep_separate,True,false_friend
Standards_Coalition_Branches,Cardinal_Assembly_Iota,0.0,0.32,keep_separate,do_not_merge,do_not_merge,correct_keep_separate,True,false_friend
Standards_Coalition_Branches,Cardinal_Assembly_Iota_Group,0.0,0.321,keep_separate,do_not_merge,do_not_merge,correct_keep_separate,True,false_friend
Standards_Coalition_Branches,Meridian_Foundation_Mu,0.0,0.36,keep_separate,do_not_merge,do_not_merge,correct_keep_separate,True,false_friend
Standards_Coalition_Branches,Meridian_Foundation_Mu_Group,0.0,0.357,keep_separate,do_not_merge,do_not_merge,correct_keep_separate,True,false_friend
Standards_Coalition_Branches,Vanguard_Alliance_Nu,0.0,0.542,keep_separate,do_not_merge,do_not_merge,correct_keep_separate,True,false_friend
Standards_Coalition_Branches,Vanguard_Alliance_Nu_Group,0.0,0.481,keep_separate,do_not_merge,do_not_merge,correct_keep_separate,True,false_friend
Data_Institute_Alpha,Data_Institute_Beta,0.5,0.821,refer_to_human,do_not_merge,do_not_merge,referred_distinct_pair,True,false_friend
Data_Institute_Alpha,Citizen_Trust_Branch,0.0,0.35,keep_separate,do_not_merge,do_not_merge,correct_keep_separate,True,false_friend
Data_Institute_Alpha,Citizen_Trust_Branches,0.0,0.238,keep_separate,do_not_merge,do_not_merge,correct_keep_separate,True,false_friend
Data_Institute_Alpha,Research_Society_Alpha,0.2,0.381,keep_separate,do_not_merge,do_not_merge,correct_keep_separate,True,false_friend
Data_Institute_Alpha,Research_Society_Beta,0.0,0.146,keep_separate,do_not_merge,do_not_merge,correct_keep_separate,True,false_friend
Data_Institute_Alpha,Market_Union_Branch,0.0,0.256,keep_separate,do_not_merge,do_not_merge,correct_keep_separate,True,false_friend
Data_Institute_Alpha,Market_Union_Branches,0.0,0.244,keep_separate,do_not_merge,do_not_merge,correct_keep_separate,True,false_friend
Data_Institute_Alpha,Consumer_Partnership_Alpha,0.2,0.435,keep_separate,do_not_merge,do_not_merge,correct_keep_separate,True,false_friend
Data_Institute_Alpha,Consumer_Partnership_Beta,0.0,0.133,keep_separate,do_not_merge,do_not_merge,correct_keep_separate,True,false_friend
Data_Institute_Alpha,Global_Assembly_Branch,0.0,0.238,keep_separate,do_not_merge,do_not_merge,correct_keep_separate,True,false_friend
Data_Institute_Alpha,Global_Assembly_Branches,0.0,0.227,keep_separate,do_not_merge,do_not_merge,correct_keep_separate,True,false_friend
Data_Institute_Alpha,Regional_Foundation_Alpha,0.2,0.489,keep_separate,do_not_merge,do_not_merge,correct_keep_separate,True,false_friend
Data_Institute_Alpha,Regional_Foundation_Beta,0.0,0.182,keep_separate,do_not_merge,do_not_merge,correct_keep_separate,True,false_friend
Data_Institute_Alpha,National_Choice_Branch,0.0,0.429,keep_separate,do_not_merge,do_not_merge,correct_keep_separate,True,false_friend
Data_Institute_Alpha,National_Choice_Branches,0.0,0.409,keep_separate,do_not_merge,do_not_merge,correct_keep_separate,True,false_friend
Data_Institute_Alpha,Open_Forum_Alpha,0.2,0.444,keep_separate,do_not_merge,do_not_merge,correct_keep_separate,True,false_friend
Data_Institute_Alpha,Open_Forum_Beta,0.0,0.114,keep_separate,do_not_merge,do_not_merge,correct_keep_separate,True,false_friend
Data_Institute_Alpha,Future_Council_Branch,0.0,0.293,keep_separate,do_not_merge,do_not_merge,correct_keep_separate,True,false_friend
Data_Institute_Alpha,Future_Council_Branches,0.0,0.279,keep_separate,do_not_merge,do_not_merge,correct_keep_separate,True,false_friend
Data_Institute_Alpha,Common_League_Gamma,0.0,0.308,keep_separate,do_not_merge,do_not_merge,correct_keep_separate,True,false_friend
Data_Institute_Alpha,Common_League_Gamma_Group,0.0,0.222,keep_separate,do_not_merge,do_not_merge,correct_keep_separate,True,false_friend
Data_Institute_Alpha,Gamma_Common_Network,0.0,0.25,keep_separate,do_not_merge,do_not_merge,correct_keep_separate,True,false_friend
Data_Institute_Alpha,Progress_Circle_Delta,0.0,0.146,keep_separate,do_not_merge,do_not_merge,correct_keep_separate,True,false_friend
Data_Institute_Alpha,Progress_Circle_Delta_Group,0.0,0.255,keep_separate,do_not_merge,do_not_merge,correct_keep_separate,True,false_friend
Data_Institute_Alpha,Heritage_Board_Sigma,0.0,0.3,keep_separate,do_not_merge,do_not_merge,correct_keep_separate,True,false_friend
Data_Institute_Alpha,Heritage_Board_Sigma_Group,0.0,0.261,keep_separate,do_not_merge,do_not_merge,correct_keep_separate,True,false_friend
Data_Institute_Alpha,Unity_Coalition_Omega,0.0,0.293,keep_separate,do_not_merge,do_not_merge,correct_keep_separate,True,false_friend
Data_Institute_Alpha,Unity_Coalition_Omega_Group,0.0,0.255,keep_separate,do_not_merge,do_not_merge,correct_keep_separate,True,false_friend
Data_Institute_Alpha,Frontier_Institute_Theta,0.2,0.591,keep_separate,do_not_merge,do_not_merge,correct_keep_separate,True,false_friend
Data_Institute_Alpha,Frontier_Institute_Theta_Group,0.167,0.56,keep_separate,do_not_merge,do_not_merge,correct_keep_separate,True,false_friend
Data_Institute_Alpha,Summit_Trust_Lambda,0.0,0.103,keep_separate,do_not_merge,do_not_merge,correct_keep_separate,True,false_friend
Data_Institute_Alpha,Summit_Trust_Lambda_Group,0.0,0.222,keep_separate,do_not_merge,do_not_merge,correct_keep_separate,True,false_friend
Data_Institute_Alpha,Pioneer_Society_Kappa,0.0,0.098,keep_separate,do_not_merge,do_not_merge,correct_keep_separate,True,false_friend
Data_Institute_Alpha,Pioneer_Society_Kappa_Group,0.0,0.213,keep_separate,do_not_merge,do_not_merge,correct_keep_separate,True,false_friend
Data_Institute_Alpha,Kappa_Pioneer_Network,0.0,0.293,keep_separate,do_not_merge,do_not_merge,correct_keep_separate,True,false_friend
Data_Institute_Alpha,Anchor_Union_Zeta,0.0,0.162,keep_separate,do_not_merge,do_not_merge,correct_keep_separate,True,false_friend
Data_Institute_Alpha,Anchor_Union_Zeta_Group,0.0,0.279,keep_separate,do_not_merge,do_not_merge,correct_keep_separate,True,false_friend
Data_Institute_Alpha,Beacon_Partnership_Eta,0.0,0.143,keep_separate,do_not_merge,do_not_merge,correct_keep_separate,True,false_friend
Data_Institute_Alpha,Beacon_Partnership_Eta_Group,0.0,0.25,keep_separate,do_not_merge,do_not_merge,correct_keep_separate,True,false_friend
Data_Institute_Alpha,Cardinal_Assembly_Iota,0.0,0.19,keep_separate,do_not_merge,do_not_merge,correct_keep_separate,True,false_friend
Data_Institute_Alpha,Cardinal_Assembly_Iota_Group,0.0,0.292,keep_separate,do_not_merge,do_not_merge,correct_keep_separate,True,false_friend
Data_Institute_Alpha,Meridian_Foundation_Mu,0.0,0.238,keep_separate,do_not_merge,do_not_merge,correct_keep_separate,True,false_friend
Data_Institute_Alpha,Meridian_Foundation_Mu_Group,0.0,0.292,keep_separate,do_not_merge,do_not_merge,correct_keep_separate,True,false_friend
Data_Institute_Alpha,Vanguard_Alliance_Nu,0.0,0.25,keep_separate,do_not_merge,do_not_merge,correct_keep_separate,True,false_friend
Data_Institute_Alpha,Vanguard_Alliance_Nu_Group,0.0,0.217,keep_separate,do_not_merge,do_not_merge,correct_keep_separate,True,false_friend
Data_Institute_Beta,Citizen_Trust_Branch,0.0,0.359,keep_separate,do_not_merge,do_not_merge,correct_keep_separate,True,false_friend
Data_Institute_Beta,Citizen_Trust_Branches,0.0,0.341,keep_separate,do_not_merge,do_not_merge,correct_keep_separate,True,false_friend
Data_Institute_Beta,Research_Society_Alpha,0.0,0.293,keep_separate,do_not_merge,do_not_merge,correct_keep_separate,True,false_friend
Data_Institute_Beta,Research_Society_Beta,0.2,0.35,keep_separate,do_not_merge,do_not_merge,correct_keep_separate,True,false_friend
Data_Institute_Beta,Market_Union_Branch,0.0,0.421,keep_separate,do_not_merge,do_not_merge,correct_keep_separate,True,false_friend
Data_Institute_Beta,Market_Union_Branches,0.0,0.4,keep_separate,do_not_merge,do_not_merge,correct_keep_separate,True,false_friend
Data_Institute_Beta,Consumer_Partnership_Alpha,0.0,0.267,keep_separate,do_not_merge,do_not_merge,correct_keep_separate,True,false_friend
Data_Institute_Beta,Consumer_Partnership_Beta,0.2,0.409,keep_separate,do_not_merge,do_not_merge,correct_keep_separate,True,false_friend
Data_Institute_Beta,Global_Assembly_Branch,0.0,0.341,keep_separate,do_not_merge,do_not_merge,correct_keep_separate,True,false_friend
Data_Institute_Beta,Global_Assembly_Branches,0.0,0.326,keep_separate,do_not_merge,do_not_merge,correct_keep_separate,True,false_friend
Data_Institute_Beta,Regional_Foundation_Alpha,0.0,0.227,keep_separate,do_not_merge,do_not_merge,correct_keep_separate,True,false_friend
Data_Institute_Beta,Regional_Foundation_Beta,0.2,0.465,keep_separate,do_not_merge,do_not_merge,correct_keep_separate,True,false_friend
Data_Institute_Beta,National_Choice_Branch,0.0,0.439,keep_separate,do_not_merge,do_not_merge,correct_keep_separate,True,false_friend
Data_Institute_Beta,National_Choice_Branches,0.0,0.419,keep_separate,do_not_merge,do_not_merge,correct_keep_separate,True,false_friend
Data_Institute_Beta,Open_Forum_Alpha,0.0,0.114,keep_separate,do_not_merge,do_not_merge,correct_keep_separate,True,false_friend
Data_Institute_Beta,Open_Forum_Beta,0.2,0.412,keep_separate,do_not_merge,do_not_merge,correct_keep_separate,True,false_friend
Data_Institute_Beta,Future_Council_Branch,0.0,0.3,keep_separate,do_not_merge,do_not_merge,correct_keep_separate,True,false_friend
Data_Institute_Beta,Future_Council_Branches,0.0,0.286,keep_separate,do_not_merge,do_not_merge,correct_keep_separate,True,false_friend
Data_Institute_Beta,Common_League_Gamma,0.0,0.263,keep_separate,do_not_merge,do_not_merge,correct_keep_separate,True,false_friend
Data_Institute_Beta,Common_League_Gamma_Group,0.0,0.182,keep_separate,do_not_merge,do_not_merge,correct_keep_separate,True,false_friend
Data_Institute_Beta,Gamma_Common_Network,0.0,0.359,keep_separate,do_not_merge,do_not_merge,correct_keep_separate,True,false_friend
Data_Institute_Beta,Progress_Circle_Delta,0.0,0.15,keep_separate,do_not_merge,do_not_merge,correct_keep_separate,True,false_friend
Data_Institute_Beta,Progress_Circle_Delta_Group,0.0,0.217,keep_separate,do_not_merge,do_not_merge,correct_keep_separate,True,false_friend
Data_Institute_Beta,Heritage_Board_Sigma,0.0,0.308,keep_separate,do_not_merge,do_not_merge,correct_keep_separate,True,false_friend
Data_Institute_Beta,Heritage_Board_Sigma_Group,0.0,0.267,keep_separate,do_not_merge,do_not_merge,correct_keep_separate,True,false_friend
Data_Institute_Beta,Unity_Coalition_Omega,0.0,0.3,keep_separate,do_not_merge,do_not_merge,correct_keep_separate,True,false_friend
Data_Institute_Beta,Unity_Coalition_Omega_Group,0.0,0.217,keep_separate,do_not_merge,do_not_merge,correct_keep_separate,True,false_friend
Data_Institute_Beta,Frontier_Institute_Theta,0.2,0.698,keep_separate,do_not_merge,do_not_merge,correct_keep_separate,True,false_friend
Data_Institute_Beta,Frontier_Institute_Theta_Group,0.167,0.612,keep_separate,do_not_merge,do_not_merge,correct_keep_separate,True,false_friend
Data_Institute_Beta,Summit_Trust_Lambda,0.0,0.105,keep_separate,do_not_merge,do_not_merge,correct_keep_separate,True,false_friend
Data_Institute_Beta,Summit_Trust_Lambda_Group,0.0,0.182,keep_separate,do_not_merge,do_not_merge,correct_keep_separate,True,false_friend
Data_Institute_Beta,Pioneer_Society_Kappa,0.0,0.25,keep_separate,do_not_merge,do_not_merge,correct_keep_separate,True,false_friend
Data_Institute_Beta,Pioneer_Society_Kappa_Group,0.0,0.174,keep_separate,do_not_merge,do_not_merge,correct_keep_separate,True,false_friend
Data_Institute_Beta,Kappa_Pioneer_Network,0.0,0.45,keep_separate,do_not_merge,do_not_merge,correct_keep_separate,True,false_friend
Data_Institute_Beta,Anchor_Union_Zeta,0.0,0.444,keep_separate,do_not_merge,do_not_merge,correct_keep_separate,True,false_friend
Data_Institute_Beta,Anchor_Union_Zeta_Group,0.0,0.238,keep_separate,do_not_merge,do_not_merge,correct_keep_separate,True,false_friend
Data_Institute_Beta,Beacon_Partnership_Eta,0.0,0.293,keep_separate,do_not_merge,do_not_merge,correct_keep_separate,True,false_friend
Data_Institute_Beta,Beacon_Partnership_Eta_Group,0.0,0.213,keep_separate,do_not_merge,do_not_merge,correct_keep_separate,True,false_friend
Data_Institute_Beta,Cardinal_Assembly_Iota,0.0,0.195,keep_separate,do_not_merge,do_not_merge,correct_keep_separate,True,false_friend
Data_Institute_Beta,Cardinal_Assembly_Iota_Group,0.0,0.255,keep_separate,do_not_merge,do_not_merge,correct_keep_separate,True,false_friend
Data_Institute_Beta,Meridian_Foundation_Mu,0.0,0.244,keep_separate,do_not_merge,do_not_merge,correct_keep_separate,True,false_friend
Data_Institute_Beta,Meridian_Foundation_Mu_Group,0.0,0.255,keep_separate,do_not_merge,do_not_merge,correct_keep_separate,True,false_friend
Data_Institute_Beta,Vanguard_Alliance_Nu,0.0,0.308,keep_separate,do_not_merge,do_not_merge,correct_keep_separate,True,false_friend
Data_Institute_Beta,Vanguard_Alliance_Nu_Group,0.0,0.267,keep_separate,do_not_merge,do_not_merge,correct_keep_separate,True,false_friend
Citizen_Trust_Branch,Citizen_Trust_Branches,0.5,0.952,refer_to_human,do_not_merge,do_not_merge,referred_distinct_pair,True,false_friend
Citizen_Trust_Branch,Research_Society_Alpha,0.0,0.286,keep_separate,do_not_merge,do_not_merge,correct_keep_separate,True,false_friend
Citizen_Trust_Branch,Research_Society_Beta,0.0,0.293,keep_separate,do_not_merge,do_not_merge,correct_keep_separate,True,false_friend
Citizen_Trust_Branch,Market_Union_Branch,0.2,0.462,keep_separate,do_not_merge,do_not_merge,correct_keep_separate,True,false_friend
Citizen_Trust_Branch,Market_Union_Branches,0.0,0.439,keep_separate,do_not_merge,do_not_merge,correct_keep_separate,True,false_friend
Citizen_Trust_Branch,Consumer_Partnership_Alpha,0.0,0.217,keep_separate,do_not_merge,do_not_merge,correct_keep_separate,True,false_friend
Citizen_Trust_Branch,Consumer_Partnership_Beta,0.0,0.222,keep_separate,do_not_merge,do_not_merge,correct_keep_separate,True,false_friend
Citizen_Trust_Branch,Global_Assembly_Branch,0.2,0.381,keep_separate,do_not_merge,do_not_merge,correct_keep_separate,True,false_friend
Citizen_Trust_Branch,Global_Assembly_Branches,0.0,0.364,keep_separate,do_not_merge,do_not_merge,correct_keep_separate,True,false_friend
Citizen_Trust_Branch,Regional_Foundation_Alpha,0.0,0.311,keep_separate,do_not_merge,do_not_merge,correct_keep_separate,True,false_friend
Citizen_Trust_Branch,Regional_Foundation_Beta,0.0,0.318,keep_separate,do_not_merge,do_not_merge,correct_keep_separate,True,false_friend
Citizen_Trust_Branch,National_Choice_Branch,0.2,0.476,keep_separate,do_not_merge,do_not_merge,correct_keep_separate,True,false_friend
Citizen_Trust_Branch,National_Choice_Branches,0.0,0.455,keep_separate,do_not_merge,do_not_merge,correct_keep_separate,True,false_friend
Citizen_Trust_Branch,Open_Forum_Alpha,0.0,0.444,keep_separate,do_not_merge,do_not_merge,correct_keep_separate,True,false_friend
Citizen_Trust_Branch,Open_Forum_Beta,0.0,0.457,keep_separate,do_not_merge,do_not_merge,correct_keep_separate,True,false_friend
Citizen_Trust_Branch,Future_Council_Branch,0.2,0.439,keep_separate,do_not_merge,do_not_merge,correct_keep_separate,True,false_friend
Citizen_Trust_Branch,Future_Council_Branches,0.0,0.419,keep_separate,do_not_merge,do_not_merge,correct_keep_separate,True,false_friend
Citizen_Trust_Branch,Common_League_Gamma,0.0,0.308,keep_separate,do_not_merge,do_not_merge,correct_keep_separate,True,false_friend
Citizen_Trust_Branch,Common_League_Gamma_Group,0.0,0.222,keep_separate,do_not_merge,do_not_merge,correct_keep_separate,True,false_friend
Citizen_Trust_Branch,Gamma_Common_Network,0.0,0.25,keep_separate,do_not_merge,do_not_merge,correct_keep_separate,True,false_friend
Citizen_Trust_Branch,Progress_Circle_Delta,0.0,0.195,keep_separate,do_not_merge,do_not_merge,correct_keep_separate,True,false_friend
Citizen_Trust_Branch,Progress_Circle_Delta_Group,0.0,0.255,keep_separate,do_not_merge,do_not_merge,correct_keep_separate,True,false_friend
Citizen_Trust_Branch,Heritage_Board_Sigma,0.0,0.35,keep_separate,do_not_merge,do_not_merge,correct_keep_separate,True,false_friend
Citizen_Trust_Branch,Heritage_Board_Sigma_Group,0.0,0.304,keep_separate,do_not_merge,do_not_merge,correct_keep_separate,True,false_friend
Citizen_Trust_Branch,Unity_Coalition_Omega,0.0,0.341,keep_separate,do_not_merge,do_not_merge,correct_keep_separate,True,false_friend
Citizen_Trust_Branch,Unity_Coalition_Omega_Group,0.0,0.34,keep_separate,do_not_merge,do_not_merge,correct_keep_separate,True,false_friend
Citizen_Trust_Branch,Frontier_Institute_Theta,0.0,0.318,keep_separate,do_not_merge,do_not_merge,correct_keep_separate,True,false_friend
Citizen_Trust_Branch,Frontier_Institute_Theta_Group,0.0,0.28,keep_separate,do_not_merge,do_not_merge,correct_keep_separate,True,false_friend
Citizen_Trust_Branch,Summit_Trust_Lambda,0.2,0.564,keep_separate,do_not_merge,do_not_merge,correct_keep_separate,True,false_friend
Citizen_Trust_Branch,Summit_Trust_Lambda_Group,0.167,0.489,keep_separate,do_not_merge,do_not_merge,correct_keep_separate,True,false_friend
Citizen_Trust_Branch,Pioneer_Society_Kappa,0.0,0.244,keep_separate,do_not_merge,do_not_merge,correct_keep_separate,True,false_friend
Citizen_Trust_Branch,Pioneer_Society_Kappa_Group,0.0,0.255,keep_separate,do_not_merge,do_not_merge,correct_keep_separate,True,false_friend
Citizen_Trust_Branch,Kappa_Pioneer_Network,0.0,0.146,keep_separate,do_not_merge,do_not_merge,correct_keep_separate,True,false_friend
Citizen_Trust_Branch,Anchor_Union_Zeta,0.0,0.216,keep_separate,do_not_merge,do_not_merge,correct_keep_separate,True,false_friend
Citizen_Trust_Branch,Anchor_Union_Zeta_Group,0.0,0.186,keep_separate,do_not_merge,do_not_merge,correct_keep_separate,True,false_friend
Citizen_Trust_Branch,Beacon_Partnership_Eta,0.0,0.381,keep_separate,do_not_merge,do_not_merge,correct_keep_separate,True,false_friend
Citizen_Trust_Branch,Beacon_Partnership_Eta_Group,0.0,0.25,keep_separate,do_not_merge,do_not_merge,correct_keep_separate,True,false_friend
Citizen_Trust_Branch,Cardinal_Assembly_Iota,0.0,0.19,keep_separate,do_not_merge,do_not_merge,correct_keep_separate,True,false_friend
Citizen_Trust_Branch,Cardinal_Assembly_Iota_Group,0.0,0.25,keep_separate,do_not_merge,do_not_merge,correct_keep_separate,True,false_friend
Citizen_Trust_Branch,Meridian_Foundation_Mu,0.0,0.286,keep_separate,do_not_merge,do_not_merge,correct_keep_separate,True,false_friend
Citizen_Trust_Branch,Meridian_Foundation_Mu_Group,0.0,0.292,keep_separate,do_not_merge,do_not_merge,correct_keep_separate,True,false_friend
Citizen_Trust_Branch,Vanguard_Alliance_Nu,0.0,0.2,keep_separate,do_not_merge,do_not_merge,correct_keep_separate,True,false_friend
Citizen_Trust_Branch,Vanguard_Alliance_Nu_Group,0.0,0.174,keep_separate,do_not_merge,do_not_merge,correct_keep_separate,True,false_friend
Citizen_Trust_Branches,Research_Society_Alpha,0.0,0.273,keep_separate,do_not_merge,do_not_merge,correct_keep_separate,True,false_friend
Citizen_Trust_Branches,Research_Society_Beta,0.0,0.279,keep_separate,do_not_merge,do_not_merge,correct_keep_separate,True,false_friend
Citizen_Trust_Branches,Market_Union_Branch,0.0,0.439,keep_separate,do_not_merge,do_not_merge,correct_keep_separate,True,false_friend
Citizen_Trust_Branches,Market_Union_Branches,0.2,0.512,keep_separate,do_not_merge,do_not_merge,correct_keep_separate,True,false_friend
Citizen_Trust_Branches,Consumer_Partnership_Alpha,0.0,0.208,keep_separate,do_not_merge,do_not_merge,correct_keep_separate,True,false_friend
Citizen_Trust_Branches,Consumer_Partnership_Beta,0.0,0.213,keep_separate,do_not_merge,do_not_merge,correct_keep_separate,True,false_friend
Citizen_Trust_Branches,Global_Assembly_Branch,0.0,0.364,keep_separate,do_not_merge,do_not_merge,correct_keep_separate,True,false_friend
Citizen_Trust_Branches,Global_Assembly_Branches,0.2,0.435,keep_separate,do_not_merge,do_not_merge,correct_keep_separate,True,false_friend
Citizen_Trust_Branches,Regional_Foundation_Alpha,0.0,0.298,keep_separate,do_not_merge,do_not_merge,correct_keep_separate,True,false_friend
Citizen_Trust_Branches,Regional_Foundation_Beta,0.0,0.304,keep_separate,do_not_merge,do_not_merge,correct_keep_separate,True,false_friend
Citizen_Trust_Branches,National_Choice_Branch,0.0,0.455,keep_separate,do_not_merge,do_not_merge,correct_keep_separate,True,false_friend
Citizen_Trust_Branches,National_Choice_Branches,0.2,0.522,keep_separate,do_not_merge,do_not_merge,correct_keep_separate,True,false_friend
Citizen_Trust_Branches,Open_Forum_Alpha,0.0,0.421,keep_separate,do_not_merge,do_not_merge,correct_keep_separate,True,false_friend
Citizen_Trust_Branches,Open_Forum_Beta,0.0,0.432,keep_separate,do_not_merge,do_not_merge,correct_keep_separate,True,false_friend
Citizen_Trust_Branches,Future_Council_Branch,0.0,0.419,keep_separate,do_not_merge,do_not_merge,correct_keep_separate,True,false_friend
Citizen_Trust_Branches,Future_Council_Branches,0.2,0.489,keep_separate,do_not_merge,do_not_merge,correct_keep_separate,True,false_friend
Citizen_Trust_Branches,Common_League_Gamma,0.0,0.293,keep_separate,do_not_merge,do_not_merge,correct_keep_separate,True,false_friend
Citizen_Trust_Branches,Common_League_Gamma_Group,0.0,0.213,keep_separate,do_not_merge,do_not_merge,correct_keep_separate,True,false_friend
Citizen_Trust_Branches,Gamma_Common_Network,0.0,0.238,keep_separate,do_not_merge,do_not_merge,correct_keep_separate,True,false_friend
Citizen_Trust_Branches,Progress_Circle_Delta,0.0,0.186,keep_separate,do_not_merge,do_not_merge,correct_keep_separate,True,false_friend
Citizen_Trust_Branches,Progress_Circle_Delta_Group,0.0,0.245,keep_separate,do_not_merge,do_not_merge,correct_keep_separate,True,false_friend
Citizen_Trust_Branches,Heritage_Board_Sigma,0.0,0.333,keep_separate,do_not_merge,do_not_merge,correct_keep_separate,True,false_friend
Citizen_Trust_Branches,Heritage_Board_Sigma_Group,0.0,0.292,keep_separate,do_not_merge,do_not_merge,correct_keep_separate,True,false_friend
Citizen_Trust_Branches,Unity_Coalition_Omega,0.0,0.326,keep_separate,do_not_merge,do_not_merge,correct_keep_separate,True,false_friend
Citizen_Trust_Branches,Unity_Coalition_Omega_Group,0.0,0.327,keep_separate,do_not_merge,do_not_merge,correct_keep_separate,True,false_friend
Citizen_Trust_Branches,Frontier_Institute_Theta,0.0,0.304,keep_separate,do_not_merge,do_not_merge,correct_keep_separate,True,false_friend
Citizen_Trust_Branches,Frontier_Institute_Theta_Group,0.0,0.269,keep_separate,do_not_merge,do_not_merge,correct_keep_separate,True,false_friend
Citizen_Trust_Branches,Summit_Trust_Lambda,0.2,0.537,keep_separate,do_not_merge,do_not_merge,correct_keep_separate,True,false_friend
Citizen_Trust_Branches,Summit_Trust_Lambda_Group,0.167,0.468,keep_separate,do_not_merge,do_not_merge,correct_keep_separate,True,false_friend
Citizen_Trust_Branches,Pioneer_Society_Kappa,0.0,0.233,keep_separate,do_not_merge,do_not_merge,correct_keep_separate,True,false_friend
Citizen_Trust_Branches,Pioneer_Society_Kappa_Group,0.0,0.245,keep_separate,do_not_merge,do_not_merge,correct_keep_separate,True,false_friend
Citizen_Trust_Branches,Kappa_Pioneer_Network,0.0,0.14,keep_separate,do_not_merge,do_not_merge,correct_keep_separate,True,false_friend
Citizen_Trust_Branches,Anchor_Union_Zeta,0.0,0.256,keep_separate,do_not_merge,do_not_merge,correct_keep_separate,True,false_friend
Citizen_Trust_Branches,Anchor_Union_Zeta_Group,0.0,0.222,keep_separate,do_not_merge,do_not_merge,correct_keep_separate,True,false_friend
Citizen_Trust_Branches,Beacon_Partnership_Eta,0.0,0.364,keep_separate,do_not_merge,do_not_merge,correct_keep_separate,True,false_friend
Citizen_Trust_Branches,Beacon_Partnership_Eta_Group,0.0,0.24,keep_separate,do_not_merge,do_not_merge,correct_keep_separate,True,false_friend
Citizen_Trust_Branches,Cardinal_Assembly_Iota,0.0,0.182,keep_separate,do_not_merge,do_not_merge,correct_keep_separate,True,false_friend
Citizen_Trust_Branches,Cardinal_Assembly_Iota_Group,0.0,0.24,keep_separate,do_not_merge,do_not_merge,correct_keep_separate,True,false_friend
Citizen_Trust_Branches,Meridian_Foundation_Mu,0.0,0.273,keep_separate,do_not_merge,do_not_merge,correct_keep_separate,True,false_friend
Citizen_Trust_Branches,Meridian_Foundation_Mu_Group,0.0,0.28,keep_separate,do_not_merge,do_not_merge,correct_keep_separate,True,false_friend
Citizen_Trust_Branches,Vanguard_Alliance_Nu,0.0,0.238,keep_separate,do_not_merge,do_not_merge,correct_keep_separate,True,false_friend
Citizen_Trust_Branches,Vanguard_Alliance_Nu_Group,0.0,0.208,keep_separate,do_not_merge,do_not_merge,correct_keep_separate,True,false_friend
Research_Society_Alpha,Research_Society_Beta,0.5,0.837,refer_to_human,do_not_merge,do_not_merge,referred_distinct_pair,True,false_friend
Research_Society_Alpha,Market_Union_Branch,0.0,0.195,keep_separate,do_not_merge,do_not_merge,correct_keep_separate,True,false_friend
Research_Society_Alpha,Market_Union_Branches,0.0,0.14,keep_separate,do_not_merge,do_not_merge,correct_keep_separate,True,false_friend
Research_Society_Alpha,Consumer_Partnership_Alpha,0.2,0.458,keep_separate,do_not_merge,do_not_merge,correct_keep_separate,True,false_friend
Research_Society_Alpha,Consumer_Partnership_Beta,0.0,0.34,keep_separate,do_not_merge,do_not_merge,correct_keep_separate,True,false_friend
Research_Society_Alpha,Global_Assembly_Branch,0.0,0.227,keep_separate,do_not_merge,do_not_merge,correct_keep_separate,True,false_friend
Research_Society_Alpha,Global_Assembly_Branches,0.0,0.13,keep_separate,do_not_merge,do_not_merge,correct_keep_separate,True,false_friend
Research_Society_Alpha,Regional_Foundation_Alpha,0.2,0.511,keep_separate,do_not_merge,do_not_merge,correct_keep_separate,True,false_friend
Research_Society_Alpha,Regional_Foundation_Beta,0.0,0.391,keep_separate,do_not_merge,do_not_merge,correct_keep_separate,True,false_friend
Research_Society_Alpha,National_Choice_Branch,0.0,0.273,keep_separate,do_not_merge,do_not_merge,correct_keep_separate,True,false_friend
Research_Society_Alpha,National_Choice_Branches,0.0,0.13,keep_separate,do_not_merge,do_not_merge,correct_keep_separate,True,false_friend
Research_Society_Alpha,Open_Forum_Alpha,0.2,0.368,keep_separate,do_not_merge,do_not_merge,correct_keep_separate,True,false_friend
Research_Society_Alpha,Open_Forum_Beta,0.0,0.27,keep_separate,do_not_merge,do_not_merge,correct_keep_separate,True,false_friend
Research_Society_Alpha,Future_Council_Branch,0.0,0.233,keep_separate,do_not_merge,do_not_merge,correct_keep_separate,True,false_friend
Research_Society_Alpha,Future_Council_Branches,0.0,0.267,keep_separate,do_not_merge,do_not_merge,correct_keep_separate,True,false_friend
Research_Society_Alpha,Common_League_Gamma,0.0,0.244,keep_separate,do_not_merge,do_not_merge,correct_keep_separate,True,false_friend
Research_Society_Alpha,Common_League_Gamma_Group,0.0,0.213,keep_separate,do_not_merge,do_not_merge,correct_keep_separate,True,false_friend
Research_Society_Alpha,Gamma_Common_Network,0.0,0.238,keep_separate,do_not_merge,do_not_merge,correct_keep_separate,True,false_friend
Research_Society_Alpha,Progress_Circle_Delta,0.0,0.419,keep_separate,do_not_merge,do_not_merge,correct_keep_separate,True,false_friend
Research_Society_Alpha,Progress_Circle_Delta_Group,0.0,0.327,keep_separate,do_not_merge,do_not_merge,correct_keep_separate,True,false_friend
Research_Society_Alpha,Heritage_Board_Sigma,0.0,0.381,keep_separate,do_not_merge,do_not_merge,correct_keep_separate,True,false_friend
Research_Society_Alpha,Heritage_Board_Sigma_Group,0.0,0.333,keep_separate,do_not_merge,do_not_merge,correct_keep_separate,True,false_friend
Research_Society_Alpha,Unity_Coalition_Omega,0.0,0.326,keep_separate,do_not_merge,do_not_merge,correct_keep_separate,True,false_friend
Research_Society_Alpha,Unity_Coalition_Omega_Group,0.0,0.286,keep_separate,do_not_merge,do_not_merge,correct_keep_separate,True,false_friend
Research_Society_Alpha,Frontier_Institute_Theta,0.0,0.304,keep_separate,do_not_merge,do_not_merge,correct_keep_separate,True,false_friend
Research_Society_Alpha,Frontier_Institute_Theta_Group,0.0,0.308,keep_separate,do_not_merge,do_not_merge,correct_keep_separate,True,false_friend
Research_Society_Alpha,Summit_Trust_Lambda,0.0,0.195,keep_separate,do_not_merge,do_not_merge,correct_keep_separate,True,false_friend
Research_Society_Alpha,Summit_Trust_Lambda_Group,0.0,0.255,keep_separate,do_not_merge,do_not_merge,correct_keep_separate,True,false_friend
Research_Society_Alpha,Pioneer_Society_Kappa,0.2,0.605,keep_separate,do_not_merge,do_not_merge,correct_keep_separate,True,false_friend
Research_Society_Alpha,Pioneer_Society_Kappa_Group,0.167,0.531,keep_separate,do_not_merge,do_not_merge,correct_keep_separate,True,false_friend
Research_Society_Alpha,Kappa_Pioneer_Network,0.0,0.186,keep_separate,do_not_merge,do_not_merge,correct_keep_separate,True,false_friend
Research_Society_Alpha,Anchor_Union_Zeta,0.0,0.41,keep_separate,do_not_merge,do_not_merge,correct_keep_separate,True,false_friend
Research_Society_Alpha,Anchor_Union_Zeta_Group,0.0,0.4,keep_separate,do_not_merge,do_not_merge,correct_keep_separate,True,false_friend
Research_Society_Alpha,Beacon_Partnership_Eta,0.0,0.364,keep_separate,do_not_merge,do_not_merge,correct_keep_separate,True,false_friend
Research_Society_Alpha,Beacon_Partnership_Eta_Group,0.0,0.36,keep_separate,do_not_merge,do_not_merge,correct_keep_separate,True,false_friend
Research_Society_Alpha,Cardinal_Assembly_Iota,0.0,0.273,keep_separate,do_not_merge,do_not_merge,correct_keep_separate,True,false_friend
Research_Society_Alpha,Cardinal_Assembly_Iota_Group,0.0,0.28,keep_separate,do_not_merge,do_not_merge,correct_keep_separate,True,false_friend
Research_Society_Alpha,Meridian_Foundation_Mu,0.0,0.273,keep_separate,do_not_merge,do_not_merge,correct_keep_separate,True,false_friend
Research_Society_Alpha,Meridian_Foundation_Mu_Group,0.0,0.2,keep_separate,do_not_merge,do_not_merge,correct_keep_separate,True,false_friend
Research_Society_Alpha,Vanguard_Alliance_Nu,0.0,0.286,keep_separate,do_not_merge,do_not_merge,correct_keep_separate,True,false_friend
Research_Society_Alpha,Vanguard_Alliance_Nu_Group,0.0,0.25,keep_separate,do_not_merge,do_not_merge,correct_keep_separate,True,false_friend
Research_Society_Beta,Market_Union_Branch,0.0,0.2,keep_separate,do_not_merge,do_not_merge,correct_keep_separate,True,false_friend
Research_Society_Beta,Market_Union_Branches,0.0,0.143,keep_separate,do_not_merge,do_not_merge,correct_keep_separate,True,false_friend
Research_Society_Beta,Consumer_Partnership_Alpha,0.0,0.255,keep_separate,do_not_merge,do_not_merge,correct_keep_separate,True,false_friend
Research_Society_Beta,Consumer_Partnership_Beta,0.2,0.435,keep_separate,do_not_merge,do_not_merge,correct_keep_separate,True,false_friend
Research_Society_Beta,Global_Assembly_Branch,0.0,0.279,keep_separate,do_not_merge,do_not_merge,correct_keep_separate,True,false_friend
Research_Society_Beta,Global_Assembly_Branches,0.0,0.267,keep_separate,do_not_merge,do_not_merge,correct_keep_separate,True,false_friend
Research_Society_Beta,Regional_Foundation_Alpha,0.0,0.217,keep_separate,do_not_merge,do_not_merge,correct_keep_separate,True,false_friend
Research_Society_Beta,Regional_Foundation_Beta,0.2,0.489,keep_separate,do_not_merge,do_not_merge,correct_keep_separate,True,false_friend
Research_Society_Beta,National_Choice_Branch,0.0,0.419,keep_separate,do_not_merge,do_not_merge,correct_keep_separate,True,false_friend
Research_Society_Beta,National_Choice_Branches,0.0,0.133,keep_separate,do_not_merge,do_not_merge,correct_keep_separate,True,false_friend
Research_Society_Beta,Open_Forum_Alpha,0.0,0.216,keep_separate,do_not_merge,do_not_merge,correct_keep_separate,True,false_friend
Research_Society_Beta,Open_Forum_Beta,0.2,0.333,keep_separate,do_not_merge,do_not_merge,correct_keep_separate,True,false_friend
Research_Society_Beta,Future_Council_Branch,0.0,0.238,keep_separate,do_not_merge,do_not_merge,correct_keep_separate,True,false_friend
Research_Society_Beta,Future_Council_Branches,0.0,0.273,keep_separate,do_not_merge,do_not_merge,correct_keep_separate,True,false_friend
Research_Society_Beta,Common_League_Gamma,0.0,0.2,keep_separate,do_not_merge,do_not_merge,correct_keep_separate,True,false_friend
Research_Society_Beta,Common_League_Gamma_Group,0.0,0.174,keep_separate,do_not_merge,do_not_merge,correct_keep_separate,True,false_friend
Research_Society_Beta,Gamma_Common_Network,0.0,0.244,keep_separate,do_not_merge,do_not_merge,correct_keep_separate,True,false_friend
Research_Society_Beta,Progress_Circle_Delta,0.0,0.429,keep_separate,do_not_merge,do_not_merge,correct_keep_separate,True,false_friend
Research_Society_Beta,Progress_Circle_Delta_Group,0.0,0.375,keep_separate,do_not_merge,do_not_merge,correct_keep_separate,True,false_friend
Research_Society_Beta,Heritage_Board_Sigma,0.0,0.39,keep_separate,do_not_merge,do_not_merge,correct_keep_separate,True,false_friend
Research_Society_Beta,Heritage_Board_Sigma_Group,0.0,0.298,keep_separate,do_not_merge,do_not_merge,correct_keep_separate,True,false_friend
Research_Society_Beta,Unity_Coalition_Omega,0.0,0.286,keep_separate,do_not_merge,do_not_merge,correct_keep_separate,True,false_friend
Research_Society_Beta,Unity_Coalition_Omega_Group,0.0,0.25,keep_separate,do_not_merge,do_not_merge,correct_keep_separate,True,false_friend
Research_Society_Beta,Frontier_Institute_Theta,0.0,0.4,keep_separate,do_not_merge,do_not_merge,correct_keep_separate,True,false_friend
Research_Society_Beta,Frontier_Institute_Theta_Group,0.0,0.353,keep_separate,do_not_merge,do_not_merge,correct_keep_separate,True,false_friend
Research_Society_Beta,Summit_Trust_Lambda,0.0,0.25,keep_separate,do_not_merge,do_not_merge,correct_keep_separate,True,false_friend
Research_Society_Beta,Summit_Trust_Lambda_Group,0.0,0.217,keep_separate,do_not_merge,do_not_merge,correct_keep_separate,True,false_friend
Research_Society_Beta,Pioneer_Society_Kappa,0.2,0.524,keep_separate,do_not_merge,do_not_merge,correct_keep_separate,True,false_friend
Research_Society_Beta,Pioneer_Society_Kappa_Group,0.167,0.458,keep_separate,do_not_merge,do_not_merge,correct_keep_separate,True,false_friend
Research_Society_Beta,Kappa_Pioneer_Network,0.0,0.19,keep_separate,do_not_merge,do_not_merge,correct_keep_separate,True,false_friend
Research_Society_Beta,Anchor_Union_Zeta,0.0,0.474,keep_separate,do_not_merge,do_not_merge,correct_keep_separate,True,false_friend
Research_Society_Beta,Anchor_Union_Zeta_Group,0.0,0.409,keep_separate,do_not_merge,do_not_merge,correct_keep_separate,True,false_friend
Research_Society_Beta,Beacon_Partnership_Eta,0.0,0.372,keep_separate,do_not_merge,do_not_merge,correct_keep_separate,True,false_friend
Research_Society_Beta,Beacon_Partnership_Eta_Group,0.0,0.327,keep_separate,do_not_merge,do_not_merge,correct_keep_separate,True,false_friend
Research_Society_Beta,Cardinal_Assembly_Iota,0.0,0.326,keep_separate,do_not_merge,do_not_merge,correct_keep_separate,True,false_friend
Research_Society_Beta,Cardinal_Assembly_Iota_Group,0.0,0.286,keep_separate,do_not_merge,do_not_merge,correct_keep_separate,True,false_friend
Research_Society_Beta,Meridian_Foundation_Mu,0.0,0.279,keep_separate,do_not_merge,do_not_merge,correct_keep_separate,True,false_friend
Research_Society_Beta,Meridian_Foundation_Mu_Group,0.0,0.163,keep_separate,do_not_merge,do_not_merge,correct_keep_separate,True,false_friend
Research_Society_Beta,Vanguard_Alliance_Nu,0.0,0.195,keep_separate,do_not_merge,do_not_merge,correct_keep_separate,True,false_friend
Research_Society_Beta,Vanguard_Alliance_Nu_Group,0.0,0.213,keep_separate,do_not_merge,do_not_merge,correct_keep_separate,True,false_friend
Market_Union_Branch,Market_Union_Branches,0.5,0.95,refer_to_human,do_not_merge,do_not_merge,referred_distinct_pair,True,false_friend
Market_Union_Branch,Consumer_Partnership_Alpha,0.0,0.311,keep_separate,do_not_merge,do_not_merge,correct_keep_separate,True,false_friend
Market_Union_Branch,Consumer_Partnership_Beta,0.0,0.273,keep_separate,do_not_merge,do_not_merge,correct_keep_separate,True,false_friend
Market_Union_Branch,Global_Assembly_Branch,0.2,0.39,keep_separate,do_not_merge,do_not_merge,correct_keep_separate,True,false_friend
Market_Union_Branch,Global_Assembly_Branches,0.0,0.372,keep_separate,do_not_merge,do_not_merge,correct_keep_separate,True,false_friend
Market_Union_Branch,Regional_Foundation_Alpha,0.0,0.455,keep_separate,do_not_merge,do_not_merge,correct_keep_separate,True,false_friend
Market_Union_Branch,Regional_Foundation_Beta,0.0,0.465,keep_separate,do_not_merge,do_not_merge,correct_keep_separate,True,false_friend
Market_Union_Branch,National_Choice_Branch,0.2,0.585,keep_separate,do_not_merge,do_not_merge,correct_keep_separate,True,false_friend
Market_Union_Branch,National_Choice_Branches,0.0,0.558,keep_separate,do_not_merge,do_not_merge,correct_keep_separate,True,false_friend
Market_Union_Branch,Open_Forum_Alpha,0.0,0.343,keep_separate,do_not_merge,do_not_merge,correct_keep_separate,True,false_friend
Market_Union_Branch,Open_Forum_Beta,0.0,0.235,keep_separate,do_not_merge,do_not_merge,correct_keep_separate,True,false_friend
Market_Union_Branch,Future_Council_Branch,0.2,0.65,keep_separate,do_not_merge,do_not_merge,correct_keep_separate,True,false_friend
Market_Union_Branch,Future_Council_Branches,0.0,0.619,keep_separate,do_not_merge,do_not_merge,correct_keep_separate,True,false_friend
Market_Union_Branch,Common_League_Gamma,0.0,0.263,keep_separate,do_not_merge,do_not_merge,correct_keep_separate,True,false_friend
Market_Union_Branch,Common_League_Gamma_Group,0.0,0.227,keep_separate,do_not_merge,do_not_merge,correct_keep_separate,True,false_friend
Market_Union_Branch,Gamma_Common_Network,0.0,0.359,keep_separate,do_not_merge,do_not_merge,correct_keep_separate,True,false_friend
Market_Union_Branch,Progress_Circle_Delta,0.0,0.05,keep_separate,do_not_merge,do_not_merge,correct_keep_separate,True,false_friend
Market_Union_Branch,Progress_Circle_Delta_Group,0.0,0.13,keep_separate,do_not_merge,do_not_merge,correct_keep_separate,True,false_friend
Market_Union_Branch,Heritage_Board_Sigma,0.0,0.103,keep_separate,do_not_merge,do_not_merge,correct_keep_separate,True,false_friend
Market_Union_Branch,Heritage_Board_Sigma_Group,0.0,0.178,keep_separate,do_not_merge,do_not_merge,correct_keep_separate,True,false_friend
Market_Union_Branch,Unity_Coalition_Omega,0.0,0.35,keep_separate,do_not_merge,do_not_merge,correct_keep_separate,True,false_friend
Market_Union_Branch,Unity_Coalition_Omega_Group,0.0,0.304,keep_separate,do_not_merge,do_not_merge,correct_keep_separate,True,false_friend
Market_Union_Branch,Frontier_Institute_Theta,0.0,0.186,keep_separate,do_not_merge,do_not_merge,correct_keep_separate,True,false_friend
Market_Union_Branch,Frontier_Institute_Theta_Group,0.0,0.204,keep_separate,do_not_merge,do_not_merge,correct_keep_separate,True,false_friend
Market_Union_Branch,Summit_Trust_Lambda,0.0,0.368,keep_separate,do_not_merge,do_not_merge,correct_keep_separate,True,false_friend
Market_Union_Branch,Summit_Trust_Lambda_Group,0.0,0.227,keep_separate,do_not_merge,do_not_merge,correct_keep_separate,True,false_friend
Market_Union_Branch,Pioneer_Society_Kappa,0.0,0.25,keep_separate,do_not_merge,do_not_merge,correct_keep_separate,True,false_friend
Market_Union_Branch,Pioneer_Society_Kappa_Group,0.0,0.217,keep_separate,do_not_merge,do_not_merge,correct_keep_separate,True,false_friend
Market_Union_Branch,Kappa_Pioneer_Network,0.0,0.35,keep_separate,do_not_merge,do_not_merge,correct_keep_separate,True,false_friend
Market_Union_Branch,Anchor_Union_Zeta,0.2,0.556,keep_separate,do_not_merge,do_not_merge,correct_keep_separate,True,false_friend
Market_Union_Branch,Anchor_Union_Zeta_Group,0.167,0.476,keep_separate,do_not_merge,do_not_merge,correct_keep_separate,True,false_friend
Market_Union_Branch,Beacon_Partnership_Eta,0.0,0.293,keep_separate,do_not_merge,do_not_merge,correct_keep_separate,True,false_friend
Market_Union_Branch,Beacon_Partnership_Eta_Group,0.0,0.255,keep_separate,do_not_merge,do_not_merge,correct_keep_separate,True,false_friend
Market_Union_Branch,Cardinal_Assembly_Iota,0.0,0.341,keep_separate,do_not_merge,do_not_merge,correct_keep_separate,True,false_friend
Market_Union_Branch,Cardinal_Assembly_Iota_Group,0.0,0.34,keep_separate,do_not_merge,do_not_merge,correct_keep_separate,True,false_friend
Market_Union_Branch,Meridian_Foundation_Mu,0.0,0.439,keep_separate,do_not_merge,do_not_merge,correct_keep_separate,True,false_friend
Market_Union_Branch,Meridian_Foundation_Mu_Group,0.0,0.426,keep_separate,do_not_merge,do_not_merge,correct_keep_separate,True,false_friend
Market_Union_Branch,Vanguard_Alliance_Nu,0.0,0.359,keep_separate,do_not_merge,do_not_merge,correct_keep_separate,True,false_friend
Market_Union_Branch,Vanguard_Alliance_Nu_Group,0.0,0.311,keep_separate,do_not_merge,do_not_merge,correct_keep_separate,True,false_friend
Market_Union_Branches,Consumer_Partnership_Alpha,0.0,0.298,keep_separate,do_not_merge,do_not_merge,correct_keep_separate,True,false_friend
Market_Union_Branches,Consumer_Partnership_Beta,0.0,0.261,keep_separate,do_not_merge,do_not_merge,correct_keep_separate,True,false_friend
Market_Union_Branches,Global_Assembly_Branch,0.0,0.372,keep_separate,do_not_merge,do_not_merge,correct_keep_separate,True,false_friend
Market_Union_Branches,Global_Assembly_Branches,0.2,0.444,keep_separate,do_not_merge,do_not_merge,correct_keep_separate,True,false_friend
Market_Union_Branches,Regional_Foundation_Alpha,0.0,0.435,keep_separate,do_not_merge,do_not_merge,correct_keep_separate,True,false_friend
Market_Union_Branches,Regional_Foundation_Beta,0.0,0.444,keep_separate,do_not_merge,do_not_merge,correct_keep_separate,True,false_friend
Market_Union_Branches,National_Choice_Branch,0.0,0.558,keep_separate,do_not_merge,do_not_merge,correct_keep_separate,True,false_friend
Market_Union_Branches,National_Choice_Branches,0.2,0.622,keep_separate,do_not_merge,do_not_merge,correct_keep_separate,True,false_friend
Market_Union_Branches,Open_Forum_Alpha,0.0,0.324,keep_separate,do_not_merge,do_not_merge,correct_keep_separate,True,false_friend
Market_Union_Branches,Open_Forum_Beta,0.0,0.222,keep_separate,do_not_merge,do_not_merge,correct_keep_separate,True,false_friend
Market_Union_Branches,Future_Council_Branch,0.0,0.619,keep_separate,do_not_merge,do_not_merge,correct_keep_separate,True,false_friend
Market_Union_Branches,Future_Council_Branches,0.2,0.682,keep_separate,do_not_merge,do_not_merge,correct_keep_separate,True,false_friend
Market_Union_Branches,Common_League_Gamma,0.0,0.3,keep_separate,do_not_merge,do_not_merge,correct_keep_separate,True,false_friend
Market_Union_Branches,Common_League_Gamma_Group,0.0,0.217,keep_separate,do_not_merge,do_not_merge,correct_keep_separate,True,false_friend
Market_Union_Branches,Gamma_Common_Network,0.0,0.341,keep_separate,do_not_merge,do_not_merge,correct_keep_separate,True,false_friend
Market_Union_Branches,Progress_Circle_Delta,0.0,0.238,keep_separate,do_not_merge,do_not_merge,correct_keep_separate,True,false_friend
Market_Union_Branches,Progress_Circle_Delta_Group,0.0,0.208,keep_separate,do_not_merge,do_not_merge,correct_keep_separate,True,false_friend
Market_Union_Branches,Heritage_Board_Sigma,0.0,0.098,keep_separate,do_not_merge,do_not_merge,correct_keep_separate,True,false_friend
Market_Union_Branches,Heritage_Board_Sigma_Group,0.0,0.17,keep_separate,do_not_merge,do_not_merge,correct_keep_separate,True,false_friend
Market_Union_Branches,Unity_Coalition_Omega,0.0,0.333,keep_separate,do_not_merge,do_not_merge,correct_keep_separate,True,false_friend
Market_Union_Branches,Unity_Coalition_Omega_Group,0.0,0.292,keep_separate,do_not_merge,do_not_merge,correct_keep_separate,True,false_friend
Market_Union_Branches,Frontier_Institute_Theta,0.0,0.178,keep_separate,do_not_merge,do_not_merge,correct_keep_separate,True,false_friend
Market_Union_Branches,Frontier_Institute_Theta_Group,0.0,0.196,keep_separate,do_not_merge,do_not_merge,correct_keep_separate,True,false_friend
Market_Union_Branches,Summit_Trust_Lambda,0.0,0.35,keep_separate,do_not_merge,do_not_merge,correct_keep_separate,True,false_friend
Market_Union_Branches,Summit_Trust_Lambda_Group,0.0,0.217,keep_separate,do_not_merge,do_not_merge,correct_keep_separate,True,false_friend
Market_Union_Branches,Pioneer_Society_Kappa,0.0,0.238,keep_separate,do_not_merge,do_not_merge,correct_keep_separate,True,false_friend
Market_Union_Branches,Pioneer_Society_Kappa_Group,0.0,0.208,keep_separate,do_not_merge,do_not_merge,correct_keep_separate,True,false_friend
Market_Union_Branches,Kappa_Pioneer_Network,0.0,0.333,keep_separate,do_not_merge,do_not_merge,correct_keep_separate,True,false_friend
Market_Union_Branches,Anchor_Union_Zeta,0.2,0.526,keep_separate,do_not_merge,do_not_merge,correct_keep_separate,True,false_friend
Market_Union_Branches,Anchor_Union_Zeta_Group,0.167,0.455,keep_separate,do_not_merge,do_not_merge,correct_keep_separate,True,false_friend
Market_Union_Branches,Beacon_Partnership_Eta,0.0,0.279,keep_separate,do_not_merge,do_not_merge,correct_keep_separate,True,false_friend
Market_Union_Branches,Beacon_Partnership_Eta_Group,0.0,0.245,keep_separate,do_not_merge,do_not_merge,correct_keep_separate,True,false_friend
Market_Union_Branches,Cardinal_Assembly_Iota,0.0,0.326,keep_separate,do_not_merge,do_not_merge,correct_keep_separate,True,false_friend
Market_Union_Branches,Cardinal_Assembly_Iota_Group,0.0,0.327,keep_separate,do_not_merge,do_not_merge,correct_keep_separate,True,false_friend
Market_Union_Branches,Meridian_Foundation_Mu,0.0,0.419,keep_separate,do_not_merge,do_not_merge,correct_keep_separate,True,false_friend
Market_Union_Branches,Meridian_Foundation_Mu_Group,0.0,0.408,keep_separate,do_not_merge,do_not_merge,correct_keep_separate,True,false_friend
Market_Union_Branches,Vanguard_Alliance_Nu,0.0,0.39,keep_separate,do_not_merge,do_not_merge,correct_keep_separate,True,false_friend
Market_Union_Branches,Vanguard_Alliance_Nu_Group,0.0,0.34,keep_separate,do_not_merge,do_not_merge,correct_keep_separate,True,false_friend
Consumer_Partnership_Alpha,Consumer_Partnership_Beta,0.5,0.863,refer_to_human,do_not_merge,do_not_merge,referred_distinct_pair,True,false_friend
Consumer_Partnership_Alpha,Global_Assembly_Branch,0.0,0.25,keep_separate,do_not_merge,do_not_merge,correct_keep_separate,True,false_friend
Consumer_Partnership_Alpha,Global_Assembly_Branches,0.0,0.24,keep_separate,do_not_merge,do_not_merge,correct_keep_separate,True,false_friend
Consumer_Partnership_Alpha,Regional_Foundation_Alpha,0.2,0.471,keep_separate,do_not_merge,do_not_merge,correct_keep_separate,True,false_friend
Consumer_Partnership_Alpha,Regional_Foundation_Beta,0.0,0.2,keep_separate,do_not_merge,do_not_merge,correct_keep_separate,True,false_friend
Consumer_Partnership_Alpha,National_Choice_Branch,0.0,0.25,keep_separate,do_not_merge,do_not_merge,correct_keep_separate,True,false_friend
Consumer_Partnership_Alpha,National_Choice_Branches,0.0,0.24,keep_separate,do_not_merge,do_not_merge,correct_keep_separate,True,false_friend
Consumer_Partnership_Alpha,Open_Forum_Alpha,0.2,0.476,keep_separate,do_not_merge,do_not_merge,correct_keep_separate,True,false_friend
Consumer_Partnership_Alpha,Open_Forum_Beta,0.0,0.293,keep_separate,do_not_merge,do_not_merge,correct_keep_separate,True,false_friend
Consumer_Partnership_Alpha,Future_Council_Branch,0.0,0.298,keep_separate,do_not_merge,do_not_merge,correct_keep_separate,True,false_friend
Consumer_Partnership_Alpha,Future_Council_Branches,0.0,0.163,keep_separate,do_not_merge,do_not_merge,correct_keep_separate,True,false_friend
Consumer_Partnership_Alpha,Common_League_Gamma,0.0,0.267,keep_separate,do_not_merge,do_not_merge,correct_keep_separate,True,false_friend
Consumer_Partnership_Alpha,Common_League_Gamma_Group,0.0,0.275,keep_separate,do_not_merge,do_not_merge,correct_keep_separate,True,false_friend
Consumer_Partnership_Alpha,Gamma_Common_Network,0.0,0.304,keep_separate,do_not_merge,do_not_merge,correct_keep_separate,True,false_friend
Consumer_Partnership_Alpha,Progress_Circle_Delta,0.0,0.17,keep_separate,do_not_merge,do_not_merge,correct_keep_separate,True,false_friend
Consumer_Partnership_Alpha,Progress_Circle_Delta_Group,0.0,0.151,keep_separate,do_not_merge,do_not_merge,correct_keep_separate,True,false_friend
Consumer_Partnership_Alpha,Heritage_Board_Sigma,0.0,0.348,keep_separate,do_not_merge,do_not_merge,correct_keep_separate,True,false_friend
Consumer_Partnership_Alpha,Heritage_Board_Sigma_Group,0.0,0.269,keep_separate,do_not_merge,do_not_merge,correct_keep_separate,True,false_friend
Consumer_Partnership_Alpha,Unity_Coalition_Omega,0.0,0.255,keep_separate,do_not_merge,do_not_merge,correct_keep_separate,True,false_friend
Consumer_Partnership_Alpha,Unity_Coalition_Omega_Group,0.0,0.264,keep_separate,do_not_merge,do_not_merge,correct_keep_separate,True,false_friend
Consumer_Partnership_Alpha,Frontier_Institute_Theta,0.0,0.24,keep_separate,do_not_merge,do_not_merge,correct_keep_separate,True,false_friend
Consumer_Partnership_Alpha,Frontier_Institute_Theta_Group,0.0,0.214,keep_separate,do_not_merge,do_not_merge,correct_keep_separate,True,false_friend
Consumer_Partnership_Alpha,Summit_Trust_Lambda,0.0,0.311,keep_separate,do_not_merge,do_not_merge,correct_keep_separate,True,false_friend
Consumer_Partnership_Alpha,Summit_Trust_Lambda_Group,0.0,0.235,keep_separate,do_not_merge,do_not_merge,correct_keep_separate,True,false_friend
Consumer_Partnership_Alpha,Pioneer_Society_Kappa,0.0,0.298,keep_separate,do_not_merge,do_not_merge,correct_keep_separate,True,false_friend
Consumer_Partnership_Alpha,Pioneer_Society_Kappa_Group,0.0,0.34,keep_separate,do_not_merge,do_not_merge,correct_keep_separate,True,false_friend
Consumer_Partnership_Alpha,Kappa_Pioneer_Network,0.0,0.34,keep_separate,do_not_merge,do_not_merge,correct_keep_separate,True,false_friend
Consumer_Partnership_Alpha,Anchor_Union_Zeta,0.0,0.233,keep_separate,do_not_merge,do_not_merge,correct_keep_separate,True,false_friend
Consumer_Partnership_Alpha,Anchor_Union_Zeta_Group,0.0,0.204,keep_separate,do_not_merge,do_not_merge,correct_keep_separate,True,false_friend
Consumer_Partnership_Alpha,Beacon_Partnership_Eta,0.2,0.708,keep_separate,do_not_merge,do_not_merge,correct_keep_separate,True,false_friend
Consumer_Partnership_Alpha,Beacon_Partnership_Eta_Group,0.167,0.667,keep_separate,do_not_merge,do_not_merge,correct_keep_separate,True,false_friend
Consumer_Partnership_Alpha,Cardinal_Assembly_Iota,0.0,0.333,keep_separate,do_not_merge,do_not_merge,correct_keep_separate,True,false_friend
Consumer_Partnership_Alpha,Cardinal_Assembly_Iota_Group,0.0,0.296,keep_separate,do_not_merge,do_not_merge,correct_keep_separate,True,false_friend
Consumer_Partnership_Alpha,Meridian_Foundation_Mu,0.0,0.333,keep_separate,do_not_merge,do_not_merge,correct_keep_separate,True,false_friend
Consumer_Partnership_Alpha,Meridian_Foundation_Mu_Group,0.0,0.185,keep_separate,do_not_merge,do_not_merge,correct_keep_separate,True,false_friend
Consumer_Partnership_Alpha,Vanguard_Alliance_Nu,0.0,0.348,keep_separate,do_not_merge,do_not_merge,correct_keep_separate,True,false_friend
Consumer_Partnership_Alpha,Vanguard_Alliance_Nu_Group,0.0,0.308,keep_separate,do_not_merge,do_not_merge,correct_keep_separate,True,false_friend
Consumer_Partnership_Beta,Global_Assembly_Branch,0.0,0.255,keep_separate,do_not_merge,do_not_merge,correct_keep_separate,True,false_friend
Consumer_Partnership_Beta,Global_Assembly_Branches,0.0,0.245,keep_separate,do_not_merge,do_not_merge,correct_keep_separate,True,false_friend
Consumer_Partnership_Beta,Regional_Foundation_Alpha,0.0,0.24,keep_separate,do_not_merge,do_not_merge,correct_keep_separate,True,false_friend
Consumer_Partnership_Beta,Regional_Foundation_Beta,0.2,0.449,keep_separate,do_not_merge,do_not_merge,correct_keep_separate,True,false_friend
Consumer_Partnership_Beta,National_Choice_Branch,0.0,0.255,keep_separate,do_not_merge,do_not_merge,correct_keep_separate,True,false_friend
Consumer_Partnership_Beta,National_Choice_Branches,0.0,0.245,keep_separate,do_not_merge,do_not_merge,correct_keep_separate,True,false_friend
Consumer_Partnership_Beta,Open_Forum_Alpha,0.0,0.341,keep_separate,do_not_merge,do_not_merge,correct_keep_separate,True,false_friend
Consumer_Partnership_Beta,Open_Forum_Beta,0.2,0.45,keep_separate,do_not_merge,do_not_merge,correct_keep_separate,True,false_friend
Consumer_Partnership_Beta,Future_Council_Branch,0.0,0.304,keep_separate,do_not_merge,do_not_merge,correct_keep_separate,True,false_friend
Consumer_Partnership_Beta,Future_Council_Branches,0.0,0.292,keep_separate,do_not_merge,do_not_merge,correct_keep_separate,True,false_friend
Consumer_Partnership_Beta,Common_League_Gamma,0.0,0.273,keep_separate,do_not_merge,do_not_merge,correct_keep_separate,True,false_friend
Consumer_Partnership_Beta,Common_League_Gamma_Group,0.0,0.28,keep_separate,do_not_merge,do_not_merge,correct_keep_separate,True,false_friend
Consumer_Partnership_Beta,Gamma_Common_Network,0.0,0.311,keep_separate,do_not_merge,do_not_merge,correct_keep_separate,True,false_friend
Consumer_Partnership_Beta,Progress_Circle_Delta,0.0,0.261,keep_separate,do_not_merge,do_not_merge,correct_keep_separate,True,false_friend
Consumer_Partnership_Beta,Progress_Circle_Delta_Group,0.0,0.231,keep_separate,do_not_merge,do_not_merge,correct_keep_separate,True,false_friend
Consumer_Partnership_Beta,Heritage_Board_Sigma,0.0,0.356,keep_separate,do_not_merge,do_not_merge,correct_keep_separate,True,false_friend
Consumer_Partnership_Beta,Heritage_Board_Sigma_Group,0.0,0.275,keep_separate,do_not_merge,do_not_merge,correct_keep_separate,True,false_friend
Consumer_Partnership_Beta,Unity_Coalition_Omega,0.0,0.261,keep_separate,do_not_merge,do_not_merge,correct_keep_separate,True,false_friend
Consumer_Partnership_Beta,Unity_Coalition_Omega_Group,0.0,0.269,keep_separate,do_not_merge,do_not_merge,correct_keep_separate,True,false_friend
Consumer_Partnership_Beta,Frontier_Institute_Theta,0.0,0.449,keep_separate,do_not_merge,do_not_merge,correct_keep_separate,True,false_friend
Consumer_Partnership_Beta,Frontier_Institute_Theta_Group,0.0,0.4,keep_separate,do_not_merge,do_not_merge,correct_keep_separate,True,false_friend
Consumer_Partnership_Beta,Summit_Trust_Lambda,0.0,0.364,keep_separate,do_not_merge,do_not_merge,correct_keep_separate,True,false_friend
Consumer_Partnership_Beta,Summit_Trust_Lambda_Group,0.0,0.24,keep_separate,do_not_merge,do_not_merge,correct_keep_separate,True,false_friend
Consumer_Partnership_Beta,Pioneer_Society_Kappa,0.0,0.304,keep_separate,do_not_merge,do_not_merge,correct_keep_separate,True,false_friend
Consumer_Partnership_Beta,Pioneer_Society_Kappa_Group,0.0,0.346,keep_separate,do_not_merge,do_not_merge,correct_keep_separate,True,false_friend
Consumer_Partnership_Beta,Kappa_Pioneer_Network,0.0,0.348,keep_separate,do_not_merge,do_not_merge,correct_keep_separate,True,false_friend
Consumer_Partnership_Beta,Anchor_Union_Zeta,0.0,0.333,keep_separate,do_not_merge,do_not_merge,correct_keep_separate,True,false_friend
Consumer_Partnership_Beta,Anchor_Union_Zeta_Group,0.0,0.292,keep_separate,do_not_merge,do_not_merge,correct_keep_separate,True,false_friend
Consumer_Partnership_Beta,Beacon_Partnership_Eta,0.2,0.809,keep_separate,do_not_merge,do_not_merge,correct_keep_separate,True,false_friend
Consumer_Partnership_Beta,Beacon_Partnership_Eta_Group,0.167,0.717,keep_separate,do_not_merge,do_not_merge,correct_keep_separate,True,false_friend
Consumer_Partnership_Beta,Cardinal_Assembly_Iota,0.0,0.34,keep_separate,do_not_merge,do_not_merge,correct_keep_separate,True,false_friend
Consumer_Partnership_Beta,Cardinal_Assembly_Iota_Group,0.0,0.302,keep_separate,do_not_merge,do_not_merge,correct_keep_separate,True,false_friend
Consumer_Partnership_Beta,Meridian_Foundation_Mu,0.0,0.34,keep_separate,do_not_merge,do_not_merge,correct_keep_separate,True,false_friend
Consumer_Partnership_Beta,Meridian_Foundation_Mu_Group,0.0,0.189,keep_separate,do_not_merge,do_not_merge,correct_keep_separate,True,false_friend
Consumer_Partnership_Beta,Vanguard_Alliance_Nu,0.0,0.311,keep_separate,do_not_merge,do_not_merge,correct_keep_separate,True,false_friend
Consumer_Partnership_Beta,Vanguard_Alliance_Nu_Group,0.0,0.314,keep_separate,do_not_merge,do_not_merge,correct_keep_separate,True,false_friend
Global_Assembly_Branch,Global_Assembly_Branches,0.5,0.957,refer_to_human,do_not_merge,do_not_merge,referred_distinct_pair,True,false_friend
Global_Assembly_Branch,Regional_Foundation_Alpha,0.0,0.34,keep_separate,do_not_merge,do_not_merge,correct_keep_separate,True,false_friend
Global_Assembly_Branch,Regional_Foundation_Beta,0.0,0.391,keep_separate,do_not_merge,do_not_merge,correct_keep_separate,True,false_friend
Global_Assembly_Branch,National_Choice_Branch,0.2,0.545,keep_separate,do_not_merge,do_not_merge,correct_keep_separate,True,false_friend
Global_Assembly_Branch,National_Choice_Branches,0.0,0.522,keep_separate,do_not_merge,do_not_merge,correct_keep_separate,True,false_friend
Global_Assembly_Branch,Open_Forum_Alpha,0.0,0.211,keep_separate,do_not_merge,do_not_merge,correct_keep_separate,True,false_friend
Global_Assembly_Branch,Open_Forum_Beta,0.0,0.324,keep_separate,do_not_merge,do_not_merge,correct_keep_separate,True,false_friend
Global_Assembly_Branch,Future_Council_Branch,0.2,0.372,keep_separate,do_not_merge,do_not_merge,correct_keep_separate,True,false_friend
Global_Assembly_Branch,Future_Council_Branches,0.0,0.356,keep_separate,do_not_merge,do_not_merge,correct_keep_separate,True,false_friend
Global_Assembly_Branch,Common_League_Gamma,0.0,0.146,keep_separate,do_not_merge,do_not_merge,correct_keep_separate,True,false_friend
Global_Assembly_Branch,Common_League_Gamma_Group,0.0,0.085,keep_separate,do_not_merge,do_not_merge,correct_keep_separate,True,false_friend
Global_Assembly_Branch,Gamma_Common_Network,0.0,0.238,keep_separate,do_not_merge,do_not_merge,correct_keep_separate,True,false_friend
Global_Assembly_Branch,Progress_Circle_Delta,0.0,0.279,keep_separate,do_not_merge,do_not_merge,correct_keep_separate,True,false_friend
Global_Assembly_Branch,Progress_Circle_Delta_Group,0.0,0.286,keep_separate,do_not_merge,do_not_merge,correct_keep_separate,True,false_friend
Global_Assembly_Branch,Heritage_Board_Sigma,0.0,0.286,keep_separate,do_not_merge,do_not_merge,correct_keep_separate,True,false_friend
Global_Assembly_Branch,Heritage_Board_Sigma_Group,0.0,0.25,keep_separate,do_not_merge,do_not_merge,correct_keep_separate,True,false_friend
Global_Assembly_Branch,Unity_Coalition_Omega,0.0,0.233,keep_separate,do_not_merge,do_not_merge,correct_keep_separate,True,false_friend
Global_Assembly_Branch,Unity_Coalition_Omega_Group,0.0,0.286,keep_separate,do_not_merge,do_not_merge,correct_keep_separate,True,false_friend
Global_Assembly_Branch,Frontier_Institute_Theta,0.0,0.087,keep_separate,do_not_merge,do_not_merge,correct_keep_separate,True,false_friend
Global_Assembly_Branch,Frontier_Institute_Theta_Group,0.0,0.077,keep_separate,do_not_merge,do_not_merge,correct_keep_separate,True,false_friend
Global_Assembly_Branch,Summit_Trust_Lambda,0.0,0.244,keep_separate,do_not_merge,do_not_merge,correct_keep_separate,True,false_friend
Global_Assembly_Branch,Summit_Trust_Lambda_Group,0.0,0.255,keep_separate,do_not_merge,do_not_merge,correct_keep_separate,True,false_friend
Global_Assembly_Branch,Pioneer_Society_Kappa,0.0,0.326,keep_separate,do_not_merge,do_not_merge,correct_keep_separate,True,false_friend
Global_Assembly_Branch,Pioneer_Society_Kappa_Group,0.0,0.286,keep_separate,do_not_merge,do_not_merge,correct_keep_separate,True,false_friend
Global_Assembly_Branch,Kappa_Pioneer_Network,0.0,0.186,keep_separate,do_not_merge,do_not_merge,correct_keep_separate,True,false_friend
Global_Assembly_Branch,Anchor_Union_Zeta,0.0,0.205,keep_separate,do_not_merge,do_not_merge,correct_keep_separate,True,false_friend
Global_Assembly_Branch,Anchor_Union_Zeta_Group,0.0,0.178,keep_separate,do_not_merge,do_not_merge,correct_keep_separate,True,false_friend
Global_Assembly_Branch,Beacon_Partnership_Eta,0.0,0.182,keep_separate,do_not_merge,do_not_merge,correct_keep_separate,True,false_friend
Global_Assembly_Branch,Beacon_Partnership_Eta_Group,0.0,0.08,keep_separate,do_not_merge,do_not_merge,correct_keep_separate,True,false_friend
Global_Assembly_Branch,Cardinal_Assembly_Iota,0.2,0.591,keep_separate,do_not_merge,do_not_merge,correct_keep_separate,True,false_friend
Global_Assembly_Branch,Cardinal_Assembly_Iota_Group,0.167,0.52,keep_separate,do_not_merge,do_not_merge,correct_keep_separate,True,false_friend
Global_Assembly_Branch,Meridian_Foundation_Mu,0.0,0.182,keep_separate,do_not_merge,do_not_merge,correct_keep_separate,True,false_friend
Global_Assembly_Branch,Meridian_Foundation_Mu_Group,0.0,0.16,keep_separate,do_not_merge,do_not_merge,correct_keep_separate,True,false_friend
Global_Assembly_Branch,Vanguard_Alliance_Nu,0.0,0.333,keep_separate,do_not_merge,do_not_merge,correct_keep_separate,True,false_friend
Global_Assembly_Branch,Vanguard_Alliance_Nu_Group,0.0,0.292,keep_separate,do_not_merge,do_not_merge,correct_keep_separate,True,false_friend
Global_Assembly_Branches,Regional_Foundation_Alpha,0.0,0.327,keep_separate,do_not_merge,do_not_merge,correct_keep_separate,True,false_friend
Global_Assembly_Branches,Regional_Foundation_Beta,0.0,0.375,keep_separate,do_not_merge,do_not_merge,correct_keep_separate,True,false_friend
Global_Assembly_Branches,National_Choice_Branch,0.0,0.522,keep_separate,do_not_merge,do_not_merge,correct_keep_separate,True,false_friend
Global_Assembly_Branches,National_Choice_Branches,0.2,0.583,keep_separate,do_not_merge,do_not_merge,correct_keep_separate,True,false_friend
Global_Assembly_Branches,Open_Forum_Alpha,0.0,0.2,keep_separate,do_not_merge,do_not_merge,correct_keep_separate,True,false_friend
Global_Assembly_Branches,Open_Forum_Beta,0.0,0.308,keep_separate,do_not_merge,do_not_merge,correct_keep_separate,True,false_friend
Global_Assembly_Branches,Future_Council_Branch,0.0,0.356,keep_separate,do_not_merge,do_not_merge,correct_keep_separate,True,false_friend
Global_Assembly_Branches,Future_Council_Branches,0.2,0.426,keep_separate,do_not_merge,do_not_merge,correct_keep_separate,True,false_friend
Global_Assembly_Branches,Common_League_Gamma,0.0,0.14,keep_separate,do_not_merge,do_not_merge,correct_keep_separate,True,false_friend
Global_Assembly_Branches,Common_League_Gamma_Group,0.0,0.082,keep_separate,do_not_merge,do_not_merge,correct_keep_separate,True,false_friend
Global_Assembly_Branches,Gamma_Common_Network,0.0,0.227,keep_separate,do_not_merge,do_not_merge,correct_keep_separate,True,false_friend
Global_Assembly_Branches,Progress_Circle_Delta,0.0,0.267,keep_separate,do_not_merge,do_not_merge,correct_keep_separate,True,false_friend
Global_Assembly_Branches,Progress_Circle_Delta_Group,0.0,0.275,keep_separate,do_not_merge,do_not_merge,correct_keep_separate,True,false_friend
Global_Assembly_Branches,Heritage_Board_Sigma,0.0,0.273,keep_separate,do_not_merge,do_not_merge,correct_keep_separate,True,false_friend
Global_Assembly_Branches,Heritage_Board_Sigma_Group,0.0,0.24,keep_separate,do_not_merge,do_not_merge,correct_keep_separate,True,false_friend
Global_Assembly_Branches,Unity_Coalition_Omega,0.0,0.222,keep_separate,do_not_merge,do_not_merge,correct_keep_separate,True,false_friend
Global_Assembly_Branches,Unity_Coalition_Omega_Group,0.0,0.275,keep_separate,do_not_merge,do_not_merge,correct_keep_separate,True,false_friend
Global_Assembly_Branches,Frontier_Institute_Theta,0.0,0.292,keep_separate,do_not_merge,do_not_merge,correct_keep_separate,True,false_friend
Global_Assembly_Branches,Frontier_Institute_Theta_Group,0.0,0.259,keep_separate,do_not_merge,do_not_merge,correct_keep_separate,True,false_friend
Global_Assembly_Branches,Summit_Trust_Lambda,0.0,0.233,keep_separate,do_not_merge,do_not_merge,correct_keep_separate,True,false_friend
Global_Assembly_Branches,Summit_Trust_Lambda_Group,0.0,0.245,keep_separate,do_not_merge,do_not_merge,correct_keep_separate,True,false_friend
Global_Assembly_Branches,Pioneer_Society_Kappa,0.0,0.311,keep_separate,do_not_merge,do_not_merge,correct_keep_separate,True,false_friend
Global_Assembly_Branches,Pioneer_Society_Kappa_Group,0.0,0.275,keep_separate,do_not_merge,do_not_merge,correct_keep_separate,True,false_friend
Global_Assembly_Branches,Kappa_Pioneer_Network,0.0,0.178,keep_separate,do_not_merge,do_not_merge,correct_keep_separate,True,false_friend
Global_Assembly_Branches,Anchor_Union_Zeta,0.0,0.244,keep_separate,do_not_merge,do_not_merge,correct_keep_separate,True,false_friend
Global_Assembly_Branches,Anchor_Union_Zeta_Group,0.0,0.213,keep_separate,do_not_merge,do_not_merge,correct_keep_separate,True,false_friend
Global_Assembly_Branches,Beacon_Partnership_Eta,0.0,0.174,keep_separate,do_not_merge,do_not_merge,correct_keep_separate,True,false_friend
Global_Assembly_Branches,Beacon_Partnership_Eta_Group,0.0,0.077,keep_separate,do_not_merge,do_not_merge,correct_keep_separate,True,false_friend
Global_Assembly_Branches,Cardinal_Assembly_Iota,0.2,0.565,keep_separate,do_not_merge,do_not_merge,correct_keep_separate,True,false_friend
Global_Assembly_Branches,Cardinal_Assembly_Iota_Group,0.167,0.5,keep_separate,do_not_merge,do_not_merge,correct_keep_separate,True,false_friend
Global_Assembly_Branches,Meridian_Foundation_Mu,0.0,0.174,keep_separate,do_not_merge,do_not_merge,correct_keep_separate,True,false_friend
Global_Assembly_Branches,Meridian_Foundation_Mu_Group,0.0,0.154,keep_separate,do_not_merge,do_not_merge,correct_keep_separate,True,false_friend
Global_Assembly_Branches,Vanguard_Alliance_Nu,0.0,0.364,keep_separate,do_not_merge,do_not_merge,correct_keep_separate,True,false_friend
Global_Assembly_Branches,Vanguard_Alliance_Nu_Group,0.0,0.32,keep_separate,do_not_merge,do_not_merge,correct_keep_separate,True,false_friend
Regional_Foundation_Alpha,Regional_Foundation_Beta,0.5,0.857,refer_to_human,do_not_merge,do_not_merge,referred_distinct_pair,True,false_friend
Regional_Foundation_Alpha,National_Choice_Branch,0.0,0.383,keep_separate,do_not_merge,do_not_merge,correct_keep_separate,True,false_friend
Regional_Foundation_Alpha,National_Choice_Branches,0.0,0.367,keep_separate,do_not_merge,do_not_merge,correct_keep_separate,True,false_friend
Regional_Foundation_Alpha,Open_Forum_Alpha,0.2,0.585,keep_separate,do_not_merge,do_not_merge,correct_keep_separate,True,false_friend
Regional_Foundation_Alpha,Open_Forum_Beta,0.0,0.35,keep_separate,do_not_merge,do_not_merge,correct_keep_separate,True,false_friend
Regional_Foundation_Alpha,Future_Council_Branch,0.0,0.391,keep_separate,do_not_merge,do_not_merge,correct_keep_separate,True,false_friend
Regional_Foundation_Alpha,Future_Council_Branches,0.0,0.375,keep_separate,do_not_merge,do_not_merge,correct_keep_separate,True,false_friend
Regional_Foundation_Alpha,Common_League_Gamma,0.0,0.273,keep_separate,do_not_merge,do_not_merge,correct_keep_separate,True,false_friend
Regional_Foundation_Alpha,Common_League_Gamma_Group,0.0,0.24,keep_separate,do_not_merge,do_not_merge,correct_keep_separate,True,false_friend
Regional_Foundation_Alpha,Gamma_Common_Network,0.0,0.222,keep_separate,do_not_merge,do_not_merge,correct_keep_separate,True,false_friend
Regional_Foundation_Alpha,Progress_Circle_Delta,0.0,0.174,keep_separate,do_not_merge,do_not_merge,correct_keep_separate,True,false_friend
Regional_Foundation_Alpha,Progress_Circle_Delta_Group,0.0,0.231,keep_separate,do_not_merge,do_not_merge,correct_keep_separate,True,false_friend
Regional_Foundation_Alpha,Heritage_Board_Sigma,0.0,0.178,keep_separate,do_not_merge,do_not_merge,correct_keep_separate,True,false_friend
Regional_Foundation_Alpha,Heritage_Board_Sigma_Group,0.0,0.314,keep_separate,do_not_merge,do_not_merge,correct_keep_separate,True,false_friend
Regional_Foundation_Alpha,Unity_Coalition_Omega,0.0,0.435,keep_separate,do_not_merge,do_not_merge,correct_keep_separate,True,false_friend
Regional_Foundation_Alpha,Unity_Coalition_Omega_Group,0.0,0.423,keep_separate,do_not_merge,do_not_merge,correct_keep_separate,True,false_friend
Regional_Foundation_Alpha,Frontier_Institute_Theta,0.0,0.327,keep_separate,do_not_merge,do_not_merge,correct_keep_separate,True,false_friend
Regional_Foundation_Alpha,Frontier_Institute_Theta_Group,0.0,0.291,keep_separate,do_not_merge,do_not_merge,correct_keep_separate,True,false_friend
Regional_Foundation_Alpha,Summit_Trust_Lambda,0.0,0.182,keep_separate,do_not_merge,do_not_merge,correct_keep_separate,True,false_friend
Regional_Foundation_Alpha,Summit_Trust_Lambda_Group,0.0,0.2,keep_separate,do_not_merge,do_not_merge,correct_keep_separate,True,false_friend
Regional_Foundation_Alpha,Pioneer_Society_Kappa,0.0,0.217,keep_separate,do_not_merge,do_not_merge,correct_keep_separate,True,false_friend
Regional_Foundation_Alpha,Pioneer_Society_Kappa_Group,0.0,0.308,keep_separate,do_not_merge,do_not_merge,correct_keep_separate,True,false_friend
Regional_Foundation_Alpha,Kappa_Pioneer_Network,0.0,0.217,keep_separate,do_not_merge,do_not_merge,correct_keep_separate,True,false_friend
Regional_Foundation_Alpha,Anchor_Union_Zeta,0.0,0.429,keep_separate,do_not_merge,do_not_merge,correct_keep_separate,True,false_friend
Regional_Foundation_Alpha,Anchor_Union_Zeta_Group,0.0,0.417,keep_separate,do_not_merge,do_not_merge,correct_keep_separate,True,false_friend
Regional_Foundation_Alpha,Beacon_Partnership_Eta,0.0,0.34,keep_separate,do_not_merge,do_not_merge,correct_keep_separate,True,false_friend
Regional_Foundation_Alpha,Beacon_Partnership_Eta_Group,0.0,0.302,keep_separate,do_not_merge,do_not_merge,correct_keep_separate,True,false_friend
Regional_Foundation_Alpha,Cardinal_Assembly_Iota,0.0,0.426,keep_separate,do_not_merge,do_not_merge,correct_keep_separate,True,false_friend
Regional_Foundation_Alpha,Cardinal_Assembly_Iota_Group,0.0,0.34,keep_separate,do_not_merge,do_not_merge,correct_keep_separate,True,false_friend
Regional_Foundation_Alpha,Meridian_Foundation_Mu,0.2,0.638,keep_separate,do_not_merge,do_not_merge,correct_keep_separate,True,false_friend
Regional_Foundation_Alpha,Meridian_Foundation_Mu_Group,0.167,0.604,keep_separate,do_not_merge,do_not_merge,correct_keep_separate,True,false_friend
Regional_Foundation_Alpha,Vanguard_Alliance_Nu,0.0,0.267,keep_separate,do_not_merge,do_not_merge,correct_keep_separate,True,false_friend
Regional_Foundation_Alpha,Vanguard_Alliance_Nu_Group,0.0,0.235,keep_separate,do_not_merge,do_not_merge,correct_keep_separate,True,false_friend
Regional_Foundation_Beta,National_Choice_Branch,0.0,0.478,keep_separate,do_not_merge,do_not_merge,correct_keep_separate,True,false_friend
Regional_Foundation_Beta,National_Choice_Branches,0.0,0.458,keep_separate,do_not_merge,do_not_merge,correct_keep_separate,True,false_friend
Regional_Foundation_Beta,Open_Forum_Alpha,0.0,0.4,keep_separate,do_not_merge,do_not_merge,correct_keep_separate,True,false_friend
Regional_Foundation_Beta,Open_Forum_Beta,0.2,0.564,keep_separate,do_not_merge,do_not_merge,correct_keep_separate,True,false_friend
Regional_Foundation_Beta,Future_Council_Branch,0.0,0.444,keep_separate,do_not_merge,do_not_merge,correct_keep_separate,True,false_friend
Regional_Foundation_Beta,Future_Council_Branches,0.0,0.426,keep_separate,do_not_merge,do_not_merge,correct_keep_separate,True,false_friend
Regional_Foundation_Beta,Common_League_Gamma,0.0,0.279,keep_separate,do_not_merge,do_not_merge,correct_keep_separate,True,false_friend
Regional_Foundation_Beta,Common_League_Gamma_Group,0.0,0.245,keep_separate,do_not_merge,do_not_merge,correct_keep_separate,True,false_friend
Regional_Foundation_Beta,Gamma_Common_Network,0.0,0.318,keep_separate,do_not_merge,do_not_merge,correct_keep_separate,True,false_friend
Regional_Foundation_Beta,Progress_Circle_Delta,0.0,0.4,keep_separate,do_not_merge,do_not_merge,correct_keep_separate,True,false_friend
Regional_Foundation_Beta,Progress_Circle_Delta_Group,0.0,0.196,keep_separate,do_not_merge,do_not_merge,correct_keep_separate,True,false_friend
Regional_Foundation_Beta,Heritage_Board_Sigma,0.0,0.227,keep_separate,do_not_merge,do_not_merge,correct_keep_separate,True,false_friend
Regional_Foundation_Beta,Heritage_Board_Sigma_Group,0.0,0.28,keep_separate,do_not_merge,do_not_merge,correct_keep_separate,True,false_friend
Regional_Foundation_Beta,Unity_Coalition_Omega,0.0,0.489,keep_separate,do_not_merge,do_not_merge,correct_keep_separate,True,false_friend
Regional_Foundation_Beta,Unity_Coalition_Omega_Group,0.0,0.431,keep_separate,do_not_merge,do_not_merge,correct_keep_separate,True,false_friend
Regional_Foundation_Beta,Frontier_Institute_Theta,0.0,0.417,keep_separate,do_not_merge,do_not_merge,correct_keep_separate,True,false_friend
Regional_Foundation_Beta,Frontier_Institute_Theta_Group,0.0,0.37,keep_separate,do_not_merge,do_not_merge,correct_keep_separate,True,false_friend
Regional_Foundation_Beta,Summit_Trust_Lambda,0.0,0.186,keep_separate,do_not_merge,do_not_merge,correct_keep_separate,True,false_friend
Regional_Foundation_Beta,Summit_Trust_Lambda_Group,0.0,0.163,keep_separate,do_not_merge,do_not_merge,correct_keep_separate,True,false_friend
Regional_Foundation_Beta,Pioneer_Society_Kappa,0.0,0.4,keep_separate,do_not_merge,do_not_merge,correct_keep_separate,True,false_friend
Regional_Foundation_Beta,Pioneer_Society_Kappa_Group,0.0,0.275,keep_separate,do_not_merge,do_not_merge,correct_keep_separate,True,false_friend
Regional_Foundation_Beta,Kappa_Pioneer_Network,0.0,0.311,keep_separate,do_not_merge,do_not_merge,correct_keep_separate,True,false_friend
Regional_Foundation_Beta,Anchor_Union_Zeta,0.0,0.537,keep_separate,do_not_merge,do_not_merge,correct_keep_separate,True,false_friend
Regional_Foundation_Beta,Anchor_Union_Zeta_Group,0.0,0.468,keep_separate,do_not_merge,do_not_merge,correct_keep_separate,True,false_friend
Regional_Foundation_Beta,Beacon_Partnership_Eta,0.0,0.348,keep_separate,do_not_merge,do_not_merge,correct_keep_separate,True,false_friend
Regional_Foundation_Beta,Beacon_Partnership_Eta_Group,0.0,0.308,keep_separate,do_not_merge,do_not_merge,correct_keep_separate,True,false_friend
Regional_Foundation_Beta,Cardinal_Assembly_Iota,0.0,0.478,keep_separate,do_not_merge,do_not_merge,correct_keep_separate,True,false_friend
Regional_Foundation_Beta,Cardinal_Assembly_Iota_Group,0.0,0.308,keep_separate,do_not_merge,do_not_merge,correct_keep_separate,True,false_friend
Regional_Foundation_Beta,Meridian_Foundation_Mu,0.2,0.652,keep_separate,do_not_merge,do_not_merge,correct_keep_separate,True,false_friend
Regional_Foundation_Beta,Meridian_Foundation_Mu_Group,0.167,0.577,keep_separate,do_not_merge,do_not_merge,correct_keep_separate,True,false_friend
Regional_Foundation_Beta,Vanguard_Alliance_Nu,0.0,0.227,keep_separate,do_not_merge,do_not_merge,correct_keep_separate,True,false_friend
Regional_Foundation_Beta,Vanguard_Alliance_Nu_Group,0.0,0.24,keep_separate,do_not_merge,do_not_merge,correct_keep_separate,True,false_friend
National_Choice_Branch,National_Choice_Branches,0.5,0.957,refer_to_human,do_not_merge,do_not_merge,referred_distinct_pair,True,false_friend
National_Choice_Branch,Open_Forum_Alpha,0.0,0.316,keep_separate,do_not_merge,do_not_merge,correct_keep_separate,True,false_friend
National_Choice_Branch,Open_Forum_Beta,0.0,0.27,keep_separate,do_not_merge,do_not_merge,correct_keep_separate,True,false_friend
National_Choice_Branch,Future_Council_Branch,0.2,0.558,keep_separate,do_not_merge,do_not_merge,correct_keep_separate,True,false_friend
National_Choice_Branch,Future_Council_Branches,0.0,0.533,keep_separate,do_not_merge,do_not_merge,correct_keep_separate,True,false_friend
National_Choice_Branch,Common_League_Gamma,0.0,0.293,keep_separate,do_not_merge,do_not_merge,correct_keep_separate,True,false_friend
National_Choice_Branch,Common_League_Gamma_Group,0.0,0.255,keep_separate,do_not_merge,do_not_merge,correct_keep_separate,True,false_friend
National_Choice_Branch,Gamma_Common_Network,0.0,0.286,keep_separate,do_not_merge,do_not_merge,correct_keep_separate,True,false_friend
National_Choice_Branch,Progress_Circle_Delta,0.0,0.372,keep_separate,do_not_merge,do_not_merge,correct_keep_separate,True,false_friend
National_Choice_Branch,Progress_Circle_Delta_Group,0.0,0.327,keep_separate,do_not_merge,do_not_merge,correct_keep_separate,True,false_friend
National_Choice_Branch,Heritage_Board_Sigma,0.0,0.286,keep_separate,do_not_merge,do_not_merge,correct_keep_separate,True,false_friend
National_Choice_Branch,Heritage_Board_Sigma_Group,0.0,0.25,keep_separate,do_not_merge,do_not_merge,correct_keep_separate,True,false_friend
National_Choice_Branch,Unity_Coalition_Omega,0.0,0.326,keep_separate,do_not_merge,do_not_merge,correct_keep_separate,True,false_friend
National_Choice_Branch,Unity_Coalition_Omega_Group,0.0,0.367,keep_separate,do_not_merge,do_not_merge,correct_keep_separate,True,false_friend
National_Choice_Branch,Frontier_Institute_Theta,0.0,0.348,keep_separate,do_not_merge,do_not_merge,correct_keep_separate,True,false_friend
National_Choice_Branch,Frontier_Institute_Theta_Group,0.0,0.308,keep_separate,do_not_merge,do_not_merge,correct_keep_separate,True,false_friend
National_Choice_Branch,Summit_Trust_Lambda,0.0,0.098,keep_separate,do_not_merge,do_not_merge,correct_keep_separate,True,false_friend
National_Choice_Branch,Summit_Trust_Lambda_Group,0.0,0.085,keep_separate,do_not_merge,do_not_merge,correct_keep_separate,True,false_friend
National_Choice_Branch,Pioneer_Society_Kappa,0.0,0.233,keep_separate,do_not_merge,do_not_merge,correct_keep_separate,True,false_friend
National_Choice_Branch,Pioneer_Society_Kappa_Group,0.0,0.245,keep_separate,do_not_merge,do_not_merge,correct_keep_separate,True,false_friend
National_Choice_Branch,Kappa_Pioneer_Network,0.0,0.326,keep_separate,do_not_merge,do_not_merge,correct_keep_separate,True,false_friend
National_Choice_Branch,Anchor_Union_Zeta,0.0,0.205,keep_separate,do_not_merge,do_not_merge,correct_keep_separate,True,false_friend
National_Choice_Branch,Anchor_Union_Zeta_Group,0.0,0.178,keep_separate,do_not_merge,do_not_merge,correct_keep_separate,True,false_friend
National_Choice_Branch,Beacon_Partnership_Eta,0.0,0.318,keep_separate,do_not_merge,do_not_merge,correct_keep_separate,True,false_friend
National_Choice_Branch,Beacon_Partnership_Eta_Group,0.0,0.24,keep_separate,do_not_merge,do_not_merge,correct_keep_separate,True,false_friend
National_Choice_Branch,Cardinal_Assembly_Iota,0.0,0.364,keep_separate,do_not_merge,do_not_merge,correct_keep_separate,True,false_friend
National_Choice_Branch,Cardinal_Assembly_Iota_Group,0.0,0.36,keep_separate,do_not_merge,do_not_merge,correct_keep_separate,True,false_friend
National_Choice_Branch,Meridian_Foundation_Mu,0.0,0.318,keep_separate,do_not_merge,do_not_merge,correct_keep_separate,True,false_friend
National_Choice_Branch,Meridian_Foundation_Mu_Group,0.0,0.32,keep_separate,do_not_merge,do_not_merge,correct_keep_separate,True,false_friend
National_Choice_Branch,Vanguard_Alliance_Nu,0.0,0.429,keep_separate,do_not_merge,do_not_merge,correct_keep_separate,True,false_friend
National_Choice_Branch,Vanguard_Alliance_Nu_Group,0.0,0.375,keep_separate,do_not_merge,do_not_merge,correct_keep_separate,True,false_friend
National_Choice_Branches,Open_Forum_Alpha,0.0,0.3,keep_separate,do_not_merge,do_not_merge,correct_keep_separate,True,false_friend
National_Choice_Branches,Open_Forum_Beta,0.0,0.256,keep_separate,do_not_merge,do_not_merge,correct_keep_separate,True,false_friend
National_Choice_Branches,Future_Council_Branch,0.0,0.533,keep_separate,do_not_merge,do_not_merge,correct_keep_separate,True,false_friend
National_Choice_Branches,Future_Council_Branches,0.2,0.596,keep_separate,do_not_merge,do_not_merge,correct_keep_separate,True,false_friend
National_Choice_Branches,Common_League_Gamma,0.0,0.279,keep_separate,do_not_merge,do_not_merge,correct_keep_separate,True,false_friend
National_Choice_Branches,Common_League_Gamma_Group,0.0,0.245,keep_separate,do_not_merge,do_not_merge,correct_keep_separate,True,false_friend
National_Choice_Branches,Gamma_Common_Network,0.0,0.273,keep_separate,do_not_merge,do_not_merge,correct_keep_separate,True,false_friend
National_Choice_Branches,Progress_Circle_Delta,0.0,0.356,keep_separate,do_not_merge,do_not_merge,correct_keep_separate,True,false_friend
National_Choice_Branches,Progress_Circle_Delta_Group,0.0,0.314,keep_separate,do_not_merge,do_not_merge,correct_keep_separate,True,false_friend
National_Choice_Branches,Heritage_Board_Sigma,0.0,0.273,keep_separate,do_not_merge,do_not_merge,correct_keep_separate,True,false_friend
National_Choice_Branches,Heritage_Board_Sigma_Group,0.0,0.24,keep_separate,do_not_merge,do_not_merge,correct_keep_separate,True,false_friend
National_Choice_Branches,Unity_Coalition_Omega,0.0,0.311,keep_separate,do_not_merge,do_not_merge,correct_keep_separate,True,false_friend
National_Choice_Branches,Unity_Coalition_Omega_Group,0.0,0.353,keep_separate,do_not_merge,do_not_merge,correct_keep_separate,True,false_friend
National_Choice_Branches,Frontier_Institute_Theta,0.0,0.375,keep_separate,do_not_merge,do_not_merge,correct_keep_separate,True,false_friend
National_Choice_Branches,Frontier_Institute_Theta_Group,0.0,0.333,keep_separate,do_not_merge,do_not_merge,correct_keep_separate,True,false_friend
National_Choice_Branches,Summit_Trust_Lambda,0.0,0.093,keep_separate,do_not_merge,do_not_merge,correct_keep_separate,True,false_friend
National_Choice_Branches,Summit_Trust_Lambda_Group,0.0,0.082,keep_separate,do_not_merge,do_not_merge,correct_keep_separate,True,false_friend
National_Choice_Branches,Pioneer_Society_Kappa,0.0,0.222,keep_separate,do_not_merge,do_not_merge,correct_keep_separate,True,false_friend
National_Choice_Branches,Pioneer_Society_Kappa_Group,0.0,0.235,keep_separate,do_not_merge,do_not_merge,correct_keep_separate,True,false_friend
National_Choice_Branches,Kappa_Pioneer_Network,0.0,0.311,keep_separate,do_not_merge,do_not_merge,correct_keep_separate,True,false_friend
National_Choice_Branches,Anchor_Union_Zeta,0.0,0.244,keep_separate,do_not_merge,do_not_merge,correct_keep_separate,True,false_friend
National_Choice_Branches,Anchor_Union_Zeta_Group,0.0,0.213,keep_separate,do_not_merge,do_not_merge,correct_keep_separate,True,false_friend
National_Choice_Branches,Beacon_Partnership_Eta,0.0,0.304,keep_separate,do_not_merge,do_not_merge,correct_keep_separate,True,false_friend
National_Choice_Branches,Beacon_Partnership_Eta_Group,0.0,0.231,keep_separate,do_not_merge,do_not_merge,correct_keep_separate,True,false_friend
National_Choice_Branches,Cardinal_Assembly_Iota,0.0,0.348,keep_separate,do_not_merge,do_not_merge,correct_keep_separate,True,false_friend
National_Choice_Branches,Cardinal_Assembly_Iota_Group,0.0,0.346,keep_separate,do_not_merge,do_not_merge,correct_keep_separate,True,false_friend
National_Choice_Branches,Meridian_Foundation_Mu,0.0,0.304,keep_separate,do_not_merge,do_not_merge,correct_keep_separate,True,false_friend
National_Choice_Branches,Meridian_Foundation_Mu_Group,0.0,0.308,keep_separate,do_not_merge,do_not_merge,correct_keep_separate,True,false_friend
National_Choice_Branches,Vanguard_Alliance_Nu,0.0,0.409,keep_separate,do_not_merge,do_not_merge,correct_keep_separate,True,false_friend
National_Choice_Branches,Vanguard_Alliance_Nu_Group,0.0,0.36,keep_separate,do_not_merge,do_not_merge,correct_keep_separate,True,false_friend
Open_Forum_Alpha,Open_Forum_Beta,0.5,0.774,refer_to_human,do_not_merge,do_not_merge,referred_distinct_pair,True,false_friend
Open_Forum_Alpha,Future_Council_Branch,0.0,0.324,keep_separate,do_not_merge,do_not_merge,correct_keep_separate,True,false_friend
Open_Forum_Alpha,Future_Council_Branches,0.0,0.103,keep_separate,do_not_merge,do_not_merge,correct_keep_separate,True,false_friend
Open_Forum_Alpha,Common_League_Gamma,0.0,0.343,keep_separate,do_not_merge,do_not_merge,correct_keep_separate,True,false_friend
Open_Forum_Alpha,Common_League_Gamma_Group,0.0,0.293,keep_separate,do_not_merge,do_not_merge,correct_keep_separate,True,false_friend
Open_Forum_Alpha,Gamma_Common_Network,0.0,0.278,keep_separate,do_not_merge,do_not_merge,correct_keep_separate,True,false_friend
Open_Forum_Alpha,Progress_Circle_Delta,0.0,0.324,keep_separate,do_not_merge,do_not_merge,correct_keep_separate,True,false_friend
Open_Forum_Alpha,Progress_Circle_Delta_Group,0.0,0.093,keep_separate,do_not_merge,do_not_merge,correct_keep_separate,True,false_friend
Open_Forum_Alpha,Heritage_Board_Sigma,0.0,0.222,keep_separate,do_not_merge,do_not_merge,correct_keep_separate,True,false_friend
Open_Forum_Alpha,Heritage_Board_Sigma_Group,0.0,0.095,keep_separate,do_not_merge,do_not_merge,correct_keep_separate,True,false_friend
Open_Forum_Alpha,Unity_Coalition_Omega,0.0,0.324,keep_separate,do_not_merge,do_not_merge,correct_keep_separate,True,false_friend
Open_Forum_Alpha,Unity_Coalition_Omega_Group,0.0,0.326,keep_separate,do_not_merge,do_not_merge,correct_keep_separate,True,false_friend
Open_Forum_Alpha,Frontier_Institute_Theta,0.0,0.25,keep_separate,do_not_merge,do_not_merge,correct_keep_separate,True,false_friend
Open_Forum_Alpha,Frontier_Institute_Theta_Group,0.0,0.087,keep_separate,do_not_merge,do_not_merge,correct_keep_separate,True,false_friend
Open_Forum_Alpha,Summit_Trust_Lambda,0.0,0.286,keep_separate,do_not_merge,do_not_merge,correct_keep_separate,True,false_friend
Open_Forum_Alpha,Summit_Trust_Lambda_Group,0.0,0.293,keep_separate,do_not_merge,do_not_merge,correct_keep_separate,True,false_friend
Open_Forum_Alpha,Pioneer_Society_Kappa,0.0,0.162,keep_separate,do_not_merge,do_not_merge,correct_keep_separate,True,false_friend
Open_Forum_Alpha,Pioneer_Society_Kappa_Group,0.0,0.279,keep_separate,do_not_merge,do_not_merge,correct_keep_separate,True,false_friend
Open_Forum_Alpha,Kappa_Pioneer_Network,0.0,0.27,keep_separate,do_not_merge,do_not_merge,correct_keep_separate,True,false_friend
Open_Forum_Alpha,Anchor_Union_Zeta,0.0,0.242,keep_separate,do_not_merge,do_not_merge,correct_keep_separate,True,false_friend
Open_Forum_Alpha,Anchor_Union_Zeta_Group,0.0,0.308,keep_separate,do_not_merge,do_not_merge,correct_keep_separate,True,false_friend
Open_Forum_Alpha,Beacon_Partnership_Eta,0.0,0.316,keep_separate,do_not_merge,do_not_merge,correct_keep_separate,True,false_friend
Open_Forum_Alpha,Beacon_Partnership_Eta_Group,0.0,0.273,keep_separate,do_not_merge,do_not_merge,correct_keep_separate,True,false_friend
Open_Forum_Alpha,Cardinal_Assembly_Iota,0.0,0.263,keep_separate,do_not_merge,do_not_merge,correct_keep_separate,True,false_friend
Open_Forum_Alpha,Cardinal_Assembly_Iota_Group,0.0,0.227,keep_separate,do_not_merge,do_not_merge,correct_keep_separate,True,false_friend
Open_Forum_Alpha,Meridian_Foundation_Mu,0.0,0.368,keep_separate,do_not_merge,do_not_merge,correct_keep_separate,True,false_friend
Open_Forum_Alpha,Meridian_Foundation_Mu_Group,0.0,0.364,keep_separate,do_not_merge,do_not_merge,correct_keep_separate,True,false_friend
Open_Forum_Alpha,Vanguard_Alliance_Nu,0.0,0.333,keep_separate,do_not_merge,do_not_merge,correct_keep_separate,True,false_friend
Open_Forum_Alpha,Vanguard_Alliance_Nu_Group,0.0,0.286,keep_separate,do_not_merge,do_not_merge,correct_keep_separate,True,false_friend
Open_Forum_Beta,Future_Council_Branch,0.0,0.278,keep_separate,do_not_merge,do_not_merge,correct_keep_separate,True,false_friend
Open_Forum_Beta,Future_Council_Branches,0.0,0.263,keep_separate,do_not_merge,do_not_merge,correct_keep_separate,True,false_friend
Open_Forum_Beta,Common_League_Gamma,0.0,0.353,keep_separate,do_not_merge,do_not_merge,correct_keep_separate,True,false_friend
Open_Forum_Beta,Common_League_Gamma_Group,0.0,0.25,keep_separate,do_not_merge,do_not_merge,correct_keep_separate,True,false_friend
Open_Forum_Beta,Gamma_Common_Network,0.0,0.286,keep_separate,do_not_merge,do_not_merge,correct_keep_separate,True,false_friend
Open_Forum_Beta,Progress_Circle_Delta,0.0,0.444,keep_separate,do_not_merge,do_not_merge,correct_keep_separate,True,false_friend
Open_Forum_Beta,Progress_Circle_Delta_Group,0.0,0.381,keep_separate,do_not_merge,do_not_merge,correct_keep_separate,True,false_friend
Open_Forum_Beta,Heritage_Board_Sigma,0.0,0.286,keep_separate,do_not_merge,do_not_merge,correct_keep_separate,True,false_friend
Open_Forum_Beta,Heritage_Board_Sigma_Group,0.0,0.244,keep_separate,do_not_merge,do_not_merge,correct_keep_separate,True,false_friend
Open_Forum_Beta,Unity_Coalition_Omega,0.0,0.389,keep_separate,do_not_merge,do_not_merge,correct_keep_separate,True,false_friend
Open_Forum_Beta,Unity_Coalition_Omega_Group,0.0,0.286,keep_separate,do_not_merge,do_not_merge,correct_keep_separate,True,false_friend
Open_Forum_Beta,Frontier_Institute_Theta,0.0,0.359,keep_separate,do_not_merge,do_not_merge,correct_keep_separate,True,false_friend
Open_Forum_Beta,Frontier_Institute_Theta_Group,0.0,0.311,keep_separate,do_not_merge,do_not_merge,correct_keep_separate,True,false_friend
Open_Forum_Beta,Summit_Trust_Lambda,0.0,0.353,keep_separate,do_not_merge,do_not_merge,correct_keep_separate,True,false_friend
Open_Forum_Beta,Summit_Trust_Lambda_Group,0.0,0.25,keep_separate,do_not_merge,do_not_merge,correct_keep_separate,True,false_friend
Open_Forum_Beta,Pioneer_Society_Kappa,0.0,0.389,keep_separate,do_not_merge,do_not_merge,correct_keep_separate,True,false_friend
Open_Forum_Beta,Pioneer_Society_Kappa_Group,0.0,0.333,keep_separate,do_not_merge,do_not_merge,correct_keep_separate,True,false_friend
Open_Forum_Beta,Kappa_Pioneer_Network,0.0,0.278,keep_separate,do_not_merge,do_not_merge,correct_keep_separate,True,false_friend
Open_Forum_Beta,Anchor_Union_Zeta,0.0,0.375,keep_separate,do_not_merge,do_not_merge,correct_keep_separate,True,false_friend
Open_Forum_Beta,Anchor_Union_Zeta_Group,0.0,0.316,keep_separate,do_not_merge,do_not_merge,correct_keep_separate,True,false_friend
Open_Forum_Beta,Beacon_Partnership_Eta,0.0,0.432,keep_separate,do_not_merge,do_not_merge,correct_keep_separate,True,false_friend
Open_Forum_Beta,Beacon_Partnership_Eta_Group,0.0,0.372,keep_separate,do_not_merge,do_not_merge,correct_keep_separate,True,false_friend
Open_Forum_Beta,Cardinal_Assembly_Iota,0.0,0.162,keep_separate,do_not_merge,do_not_merge,correct_keep_separate,True,false_friend
Open_Forum_Beta,Cardinal_Assembly_Iota_Group,0.0,0.14,keep_separate,do_not_merge,do_not_merge,correct_keep_separate,True,false_friend
Open_Forum_Beta,Meridian_Foundation_Mu,0.0,0.378,keep_separate,do_not_merge,do_not_merge,correct_keep_separate,True,false_friend
Open_Forum_Beta,Meridian_Foundation_Mu_Group,0.0,0.326,keep_separate,do_not_merge,do_not_merge,correct_keep_separate,True,false_friend
Open_Forum_Beta,Vanguard_Alliance_Nu,0.0,0.171,keep_separate,do_not_merge,do_not_merge,correct_keep_separate,True,false_friend
Open_Forum_Beta,Vanguard_Alliance_Nu_Group,0.0,0.098,keep_separate,do_not_merge,do_not_merge,correct_keep_separate,True,false_friend
Future_Council_Branch,Future_Council_Branches,0.5,0.955,refer_to_human,do_not_merge,do_not_merge,referred_distinct_pair,True,false_friend
Future_Council_Branch,Common_League_Gamma,0.0,0.2,keep_separate,do_not_merge,do_not_merge,correct_keep_separate,True,false_friend
Future_Council_Branch,Common_League_Gamma_Group,0.0,0.217,keep_separate,do_not_merge,do_not_merge,correct_keep_separate,True,false_friend
Future_Council_Branch,Gamma_Common_Network,0.0,0.293,keep_separate,do_not_merge,do_not_merge,correct_keep_separate,True,false_friend
Future_Council_Branch,Progress_Circle_Delta,0.0,0.381,keep_separate,do_not_merge,do_not_merge,correct_keep_separate,True,false_friend
Future_Council_Branch,Progress_Circle_Delta_Group,0.0,0.25,keep_separate,do_not_merge,do_not_merge,correct_keep_separate,True,false_friend
Future_Council_Branch,Heritage_Board_Sigma,0.0,0.293,keep_separate,do_not_merge,do_not_merge,correct_keep_separate,True,false_friend
Future_Council_Branch,Heritage_Board_Sigma_Group,0.0,0.213,keep_separate,do_not_merge,do_not_merge,correct_keep_separate,True,false_friend
Future_Council_Branch,Unity_Coalition_Omega,0.0,0.381,keep_separate,do_not_merge,do_not_merge,correct_keep_separate,True,false_friend
Future_Council_Branch,Unity_Coalition_Omega_Group,0.0,0.25,keep_separate,do_not_merge,do_not_merge,correct_keep_separate,True,false_friend
Future_Council_Branch,Frontier_Institute_Theta,0.0,0.267,keep_separate,do_not_merge,do_not_merge,correct_keep_separate,True,false_friend
Future_Council_Branch,Frontier_Institute_Theta_Group,0.0,0.275,keep_separate,do_not_merge,do_not_merge,correct_keep_separate,True,false_friend
Future_Council_Branch,Summit_Trust_Lambda,0.0,0.35,keep_separate,do_not_merge,do_not_merge,correct_keep_separate,True,false_friend
Future_Council_Branch,Summit_Trust_Lambda_Group,0.0,0.261,keep_separate,do_not_merge,do_not_merge,correct_keep_separate,True,false_friend
Future_Council_Branch,Pioneer_Society_Kappa,0.0,0.333,keep_separate,do_not_merge,do_not_merge,correct_keep_separate,True,false_friend
Future_Council_Branch,Pioneer_Society_Kappa_Group,0.0,0.167,keep_separate,do_not_merge,do_not_merge,correct_keep_separate,True,false_friend
Future_Council_Branch,Kappa_Pioneer_Network,0.0,0.095,keep_separate,do_not_merge,do_not_merge,correct_keep_separate,True,false_friend
Future_Council_Branch,Anchor_Union_Zeta,0.0,0.211,keep_separate,do_not_merge,do_not_merge,correct_keep_separate,True,false_friend
Future_Council_Branch,Anchor_Union_Zeta_Group,0.0,0.182,keep_separate,do_not_merge,do_not_merge,correct_keep_separate,True,false_friend
Future_Council_Branch,Beacon_Partnership_Eta,0.0,0.326,keep_separate,do_not_merge,do_not_merge,correct_keep_separate,True,false_friend
Future_Council_Branch,Beacon_Partnership_Eta_Group,0.0,0.163,keep_separate,do_not_merge,do_not_merge,correct_keep_separate,True,false_friend
Future_Council_Branch,Cardinal_Assembly_Iota,0.0,0.279,keep_separate,do_not_merge,do_not_merge,correct_keep_separate,True,false_friend
Future_Council_Branch,Cardinal_Assembly_Iota_Group,0.0,0.163,keep_separate,do_not_merge,do_not_merge,correct_keep_separate,True,false_friend
Future_Council_Branch,Meridian_Foundation_Mu,0.0,0.279,keep_separate,do_not_merge,do_not_merge,correct_keep_separate,True,false_friend
Future_Council_Branch,Meridian_Foundation_Mu_Group,0.0,0.286,keep_separate,do_not_merge,do_not_merge,correct_keep_separate,True,false_friend
Future_Council_Branch,Vanguard_Alliance_Nu,0.0,0.341,keep_separate,do_not_merge,do_not_merge,correct_keep_separate,True,false_friend
Future_Council_Branch,Vanguard_Alliance_Nu_Group,0.0,0.298,keep_separate,do_not_merge,do_not_merge,correct_keep_separate,True,false_friend
Future_Council_Branches,Common_League_Gamma,0.0,0.19,keep_separate,do_not_merge,do_not_merge,correct_keep_separate,True,false_friend
Future_Council_Branches,Common_League_Gamma_Group,0.0,0.208,keep_separate,do_not_merge,do_not_merge,correct_keep_separate,True,false_friend
Future_Council_Branches,Gamma_Common_Network,0.0,0.279,keep_separate,do_not_merge,do_not_merge,correct_keep_separate,True,false_friend
Future_Council_Branches,Progress_Circle_Delta,0.0,0.364,keep_separate,do_not_merge,do_not_merge,correct_keep_separate,True,false_friend
Future_Council_Branches,Progress_Circle_Delta_Group,0.0,0.24,keep_separate,do_not_merge,do_not_merge,correct_keep_separate,True,false_friend
Future_Council_Branches,Heritage_Board_Sigma,0.0,0.279,keep_separate,do_not_merge,do_not_merge,correct_keep_separate,True,false_friend
Future_Council_Branches,Heritage_Board_Sigma_Group,0.0,0.204,keep_separate,do_not_merge,do_not_merge,correct_keep_separate,True,false_friend
Future_Council_Branches,Unity_Coalition_Omega,0.0,0.364,keep_separate,do_not_merge,do_not_merge,correct_keep_separate,True,false_friend
Future_Council_Branches,Unity_Coalition_Omega_Group,0.0,0.24,keep_separate,do_not_merge,do_not_merge,correct_keep_separate,True,false_friend
Future_Council_Branches,Frontier_Institute_Theta,0.0,0.298,keep_separate,do_not_merge,do_not_merge,correct_keep_separate,True,false_friend
Future_Council_Branches,Frontier_Institute_Theta_Group,0.0,0.264,keep_separate,do_not_merge,do_not_merge,correct_keep_separate,True,false_friend
Future_Council_Branches,Summit_Trust_Lambda,0.0,0.333,keep_separate,do_not_merge,do_not_merge,correct_keep_separate,True,false_friend
Future_Council_Branches,Summit_Trust_Lambda_Group,0.0,0.25,keep_separate,do_not_merge,do_not_merge,correct_keep_separate,True,false_friend
Future_Council_Branches,Pioneer_Society_Kappa,0.0,0.318,keep_separate,do_not_merge,do_not_merge,correct_keep_separate,True,false_friend
Future_Council_Branches,Pioneer_Society_Kappa_Group,0.0,0.16,keep_separate,do_not_merge,do_not_merge,correct_keep_separate,True,false_friend
Future_Council_Branches,Kappa_Pioneer_Network,0.0,0.091,keep_separate,do_not_merge,do_not_merge,correct_keep_separate,True,false_friend
Future_Council_Branches,Anchor_Union_Zeta,0.0,0.25,keep_separate,do_not_merge,do_not_merge,correct_keep_separate,True,false_friend
Future_Council_Branches,Anchor_Union_Zeta_Group,0.0,0.217,keep_separate,do_not_merge,do_not_merge,correct_keep_separate,True,false_friend
Future_Council_Branches,Beacon_Partnership_Eta,0.0,0.311,keep_separate,do_not_merge,do_not_merge,correct_keep_separate,True,false_friend
Future_Council_Branches,Beacon_Partnership_Eta_Group,0.0,0.157,keep_separate,do_not_merge,do_not_merge,correct_keep_separate,True,false_friend
Future_Council_Branches,Cardinal_Assembly_Iota,0.0,0.267,keep_separate,do_not_merge,do_not_merge,correct_keep_separate,True,false_friend
Future_Council_Branches,Cardinal_Assembly_Iota_Group,0.0,0.157,keep_separate,do_not_merge,do_not_merge,correct_keep_separate,True,false_friend
Future_Council_Branches,Meridian_Foundation_Mu,0.0,0.267,keep_separate,do_not_merge,do_not_merge,correct_keep_separate,True,false_friend
Future_Council_Branches,Meridian_Foundation_Mu_Group,0.0,0.275,keep_separate,do_not_merge,do_not_merge,correct_keep_separate,True,false_friend
Future_Council_Branches,Vanguard_Alliance_Nu,0.0,0.372,keep_separate,do_not_merge,do_not_merge,correct_keep_separate,True,false_friend
Future_Council_Branches,Vanguard_Alliance_Nu_Group,0.0,0.327,keep_separate,do_not_merge,do_not_merge,correct_keep_separate,True,false_friend
Common_League_Gamma,Common_League_Gamma_Group,0.75,0.864,auto_merge,merge,merge,correct_auto_merge,True,true_alias
Common_League_Gamma,Gamma_Common_Network,0.5,0.41,refer_to_human,do_not_merge,merge,referred_true_alias,False,true_alias
Common_League_Gamma,Progress_Circle_Delta,0.0,0.2,keep_separate,do_not_merge,do_not_merge,correct_keep_separate,True,false_friend
Common_League_Gamma,Progress_Circle_Delta_Group,0.0,0.261,keep_separate,do_not_merge,do_not_merge,correct_keep_separate,True,false_friend
Common_League_Gamma,Heritage_Board_Sigma,0.0,0.41,keep_separate,do_not_merge,do_not_merge,correct_keep_separate,True,false_friend
Common_League_Gamma,Heritage_Board_Sigma_Group,0.0,0.356,keep_separate,do_not_merge,do_not_merge,correct_keep_separate,True,false_friend
Common_League_Gamma,Unity_Coalition_Omega,0.0,0.4,keep_separate,do_not_merge,do_not_merge,correct_keep_separate,True,false_friend
Common_League_Gamma,Unity_Coalition_Omega_Group,0.0,0.391,keep_separate,do_not_merge,do_not_merge,correct_keep_separate,True,false_friend
Common_League_Gamma,Frontier_Institute_Theta,0.0,0.326,keep_separate,do_not_merge,do_not_merge,correct_keep_separate,True,false_friend
Common_League_Gamma,Frontier_Institute_Theta_Group,0.0,0.286,keep_separate,do_not_merge,do_not_merge,correct_keep_separate,True,false_friend
Common_League_Gamma,Summit_Trust_Lambda,0.0,0.368,keep_separate,do_not_merge,do_not_merge,correct_keep_separate,True,false_friend
Common_League_Gamma,Summit_Trust_Lambda_Group,0.0,0.318,keep_separate,do_not_merge,do_not_merge,correct_keep_separate,True,false_friend
Common_League_Gamma,Pioneer_Society_Kappa,0.0,0.3,keep_separate,do_not_merge,do_not_merge,correct_keep_separate,True,false_friend
Common_League_Gamma,Pioneer_Society_Kappa_Group,0.0,0.304,keep_separate,do_not_merge,do_not_merge,correct_keep_separate,True,false_friend
Common_League_Gamma,Kappa_Pioneer_Network,0.0,0.2,keep_separate,do_not_merge,do_not_merge,correct_keep_separate,True,false_friend
Common_League_Gamma,Anchor_Union_Zeta,0.0,0.389,keep_separate,do_not_merge,do_not_merge,correct_keep_separate,True,false_friend
Common_League_Gamma,Anchor_Union_Zeta_Group,0.0,0.429,keep_separate,do_not_merge,do_not_merge,correct_keep_separate,True,false_friend
Common_League_Gamma,Beacon_Partnership_Eta,0.0,0.293,keep_separate,do_not_merge,do_not_merge,correct_keep_separate,True,false_friend
Common_League_Gamma,Beacon_Partnership_Eta_Group,0.0,0.34,keep_separate,do_not_merge,do_not_merge,correct_keep_separate,True,false_friend
Common_League_Gamma,Cardinal_Assembly_Iota,0.0,0.146,keep_separate,do_not_merge,do_not_merge,correct_keep_separate,True,false_friend
Common_League_Gamma,Cardinal_Assembly_Iota_Group,0.0,0.213,keep_separate,do_not_merge,do_not_merge,correct_keep_separate,True,false_friend
Common_League_Gamma,Meridian_Foundation_Mu,0.0,0.244,keep_separate,do_not_merge,do_not_merge,correct_keep_separate,True,false_friend
Common_League_Gamma,Meridian_Foundation_Mu_Group,0.0,0.298,keep_separate,do_not_merge,do_not_merge,correct_keep_separate,True,false_friend
Common_League_Gamma,Vanguard_Alliance_Nu,0.0,0.256,keep_separate,do_not_merge,do_not_merge,correct_keep_separate,True,false_friend
Common_League_Gamma,Vanguard_Alliance_Nu_Group,0.0,0.267,keep_separate,do_not_merge,do_not_merge,correct_keep_separate,True,false_friend
Common_League_Gamma_Group,Gamma_Common_Network,0.4,0.4,refer_to_human,do_not_merge,merge,referred_true_alias,False,true_alias
Common_League_Gamma_Group,Progress_Circle_Delta,0.0,0.174,keep_separate,do_not_merge,do_not_merge,correct_keep_separate,True,false_friend
Common_League_Gamma_Group,Progress_Circle_Delta_Group,0.143,0.423,keep_separate,do_not_merge,do_not_merge,correct_keep_separate,True,false_friend
Common_League_Gamma_Group,Heritage_Board_Sigma,0.0,0.356,keep_separate,do_not_merge,do_not_merge,correct_keep_separate,True,false_friend
Common_League_Gamma_Group,Heritage_Board_Sigma_Group,0.143,0.549,keep_separate,do_not_merge,do_not_merge,correct_keep_separate,True,false_friend
Common_League_Gamma_Group,Unity_Coalition_Omega,0.0,0.348,keep_separate,do_not_merge,do_not_merge,correct_keep_separate,True,false_friend
Common_League_Gamma_Group,Unity_Coalition_Omega_Group,0.143,0.538,keep_separate,do_not_merge,do_not_merge,correct_keep_separate,True,false_friend
Common_League_Gamma_Group,Frontier_Institute_Theta,0.0,0.286,keep_separate,do_not_merge,do_not_merge,correct_keep_separate,True,false_friend
Common_League_Gamma_Group,Frontier_Institute_Theta_Group,0.143,0.473,keep_separate,do_not_merge,do_not_merge,correct_keep_separate,True,false_friend
Common_League_Gamma_Group,Summit_Trust_Lambda,0.0,0.318,keep_separate,do_not_merge,do_not_merge,correct_keep_separate,True,false_friend
Common_League_Gamma_Group,Summit_Trust_Lambda_Group,0.143,0.52,keep_separate,do_not_merge,do_not_merge,correct_keep_separate,True,false_friend
Common_League_Gamma_Group,Pioneer_Society_Kappa,0.0,0.261,keep_separate,do_not_merge,do_not_merge,correct_keep_separate,True,false_friend
Common_League_Gamma_Group,Pioneer_Society_Kappa_Group,0.143,0.462,keep_separate,do_not_merge,do_not_merge,correct_keep_separate,True,false_friend
Common_League_Gamma_Group,Kappa_Pioneer_Network,0.0,0.217,keep_separate,do_not_merge,do_not_merge,correct_keep_separate,True,false_friend
Common_League_Gamma_Group,Anchor_Union_Zeta,0.0,0.333,keep_separate,do_not_merge,do_not_merge,correct_keep_separate,True,false_friend
Common_League_Gamma_Group,Anchor_Union_Zeta_Group,0.143,0.542,keep_separate,do_not_merge,do_not_merge,correct_keep_separate,True,false_friend
Common_League_Gamma_Group,Beacon_Partnership_Eta,0.0,0.255,keep_separate,do_not_merge,do_not_merge,correct_keep_separate,True,false_friend
Common_League_Gamma_Group,Beacon_Partnership_Eta_Group,0.143,0.491,keep_separate,do_not_merge,do_not_merge,correct_keep_separate,True,false_friend
Common_League_Gamma_Group,Cardinal_Assembly_Iota,0.0,0.128,keep_separate,do_not_merge,do_not_merge,correct_keep_separate,True,false_friend
Common_League_Gamma_Group,Cardinal_Assembly_Iota_Group,0.143,0.34,keep_separate,do_not_merge,do_not_merge,correct_keep_separate,True,false_friend
Common_League_Gamma_Group,Meridian_Foundation_Mu,0.0,0.213,keep_separate,do_not_merge,do_not_merge,correct_keep_separate,True,false_friend
Common_League_Gamma_Group,Meridian_Foundation_Mu_Group,0.143,0.415,keep_separate,do_not_merge,do_not_merge,correct_keep_separate,True,false_friend
Common_League_Gamma_Group,Vanguard_Alliance_Nu,0.0,0.267,keep_separate,do_not_merge,do_not_merge,correct_keep_separate,True,false_friend
Common_League_Gamma_Group,Vanguard_Alliance_Nu_Group,0.143,0.431,keep_separate,do_not_merge,do_not_merge,correct_keep_separate,True,false_friend
Gamma_Common_Network,Progress_Circle_Delta,0.0,0.293,keep_separate,do_not_merge,do_not_merge,correct_keep_separate,True,false_friend
Gamma_Common_Network,Progress_Circle_Delta_Group,0.0,0.17,keep_separate,do_not_merge,do_not_merge,correct_keep_separate,True,false_friend
Gamma_Common_Network,Heritage_Board_Sigma,0.0,0.2,keep_separate,do_not_merge,do_not_merge,correct_keep_separate,True,false_friend
Gamma_Common_Network,Heritage_Board_Sigma_Group,0.0,0.261,keep_separate,do_not_merge,do_not_merge,correct_keep_separate,True,false_friend
Gamma_Common_Network,Unity_Coalition_Omega,0.0,0.341,keep_separate,do_not_merge,do_not_merge,correct_keep_separate,True,false_friend
Gamma_Common_Network,Unity_Coalition_Omega_Group,0.0,0.34,keep_separate,do_not_merge,do_not_merge,correct_keep_separate,True,false_friend
Gamma_Common_Network,Frontier_Institute_Theta,0.0,0.273,keep_separate,do_not_merge,do_not_merge,correct_keep_separate,True,false_friend
Gamma_Common_Network,Frontier_Institute_Theta_Group,0.0,0.12,keep_separate,do_not_merge,do_not_merge,correct_keep_separate,True,false_friend
Gamma_Common_Network,Summit_Trust_Lambda,0.0,0.154,keep_separate,do_not_merge,do_not_merge,correct_keep_separate,True,false_friend
Gamma_Common_Network,Summit_Trust_Lambda_Group,0.0,0.222,keep_separate,do_not_merge,do_not_merge,correct_keep_separate,True,false_friend
Gamma_Common_Network,Pioneer_Society_Kappa,0.0,0.293,keep_separate,do_not_merge,do_not_merge,correct_keep_separate,True,false_friend
Gamma_Common_Network,Pioneer_Society_Kappa_Group,0.0,0.17,keep_separate,do_not_merge,do_not_merge,correct_keep_separate,True,false_friend
Gamma_Common_Network,Kappa_Pioneer_Network,0.2,0.634,keep_separate,do_not_merge,do_not_merge,correct_keep_separate,True,false_friend
Gamma_Common_Network,Anchor_Union_Zeta,0.0,0.378,keep_separate,do_not_merge,do_not_merge,correct_keep_separate,True,false_friend
Gamma_Common_Network,Anchor_Union_Zeta_Group,0.0,0.372,keep_separate,do_not_merge,do_not_merge,correct_keep_separate,True,false_friend
Gamma_Common_Network,Beacon_Partnership_Eta,0.0,0.381,keep_separate,do_not_merge,do_not_merge,correct_keep_separate,True,false_friend
Gamma_Common_Network,Beacon_Partnership_Eta_Group,0.0,0.375,keep_separate,do_not_merge,do_not_merge,correct_keep_separate,True,false_friend
Gamma_Common_Network,Cardinal_Assembly_Iota,0.0,0.143,keep_separate,do_not_merge,do_not_merge,correct_keep_separate,True,false_friend
Gamma_Common_Network,Cardinal_Assembly_Iota_Group,0.0,0.208,keep_separate,do_not_merge,do_not_merge,correct_keep_separate,True,false_friend
Gamma_Common_Network,Meridian_Foundation_Mu,0.0,0.238,keep_separate,do_not_merge,do_not_merge,correct_keep_separate,True,false_friend
Gamma_Common_Network,Meridian_Foundation_Mu_Group,0.0,0.25,keep_separate,do_not_merge,do_not_merge,correct_keep_separate,True,false_friend
Gamma_Common_Network,Vanguard_Alliance_Nu,0.0,0.3,keep_separate,do_not_merge,do_not_merge,correct_keep_separate,True,false_friend
Gamma_Common_Network,Vanguard_Alliance_Nu_Group,0.0,0.304,keep_separate,do_not_merge,do_not_merge,correct_keep_separate,True,false_friend
Progress_Circle_Delta,Progress_Circle_Delta_Group,0.75,0.875,auto_merge,merge,merge,correct_auto_merge,True,true_alias
Progress_Circle_Delta,Heritage_Board_Sigma,0.0,0.293,keep_separate,do_not_merge,do_not_merge,correct_keep_separate,True,false_friend
Progress_Circle_Delta,Heritage_Board_Sigma_Group,0.0,0.085,keep_separate,do_not_merge,do_not_merge,correct_keep_separate,True,false_friend
Progress_Circle_Delta,Unity_Coalition_Omega,0.0,0.238,keep_separate,do_not_merge,do_not_merge,correct_keep_separate,True,false_friend
Progress_Circle_Delta,Unity_Coalition_Omega_Group,0.0,0.083,keep_separate,do_not_merge,do_not_merge,correct_keep_separate,True,false_friend
Progress_Circle_Delta,Frontier_Institute_Theta,0.0,0.444,keep_separate,do_not_merge,do_not_merge,correct_keep_separate,True,false_friend
Progress_Circle_Delta,Frontier_Institute_Theta_Group,0.0,0.157,keep_separate,do_not_merge,do_not_merge,correct_keep_separate,True,false_friend
Progress_Circle_Delta,Summit_Trust_Lambda,0.0,0.3,keep_separate,do_not_merge,do_not_merge,correct_keep_separate,True,false_friend
Progress_Circle_Delta,Summit_Trust_Lambda_Group,0.0,0.087,keep_separate,do_not_merge,do_not_merge,correct_keep_separate,True,false_friend
Progress_Circle_Delta,Pioneer_Society_Kappa,0.0,0.381,keep_separate,do_not_merge,do_not_merge,correct_keep_separate,True,false_friend
Progress_Circle_Delta,Pioneer_Society_Kappa_Group,0.0,0.125,keep_separate,do_not_merge,do_not_merge,correct_keep_separate,True,false_friend
Progress_Circle_Delta,Kappa_Pioneer_Network,0.0,0.19,keep_separate,do_not_merge,do_not_merge,correct_keep_separate,True,false_friend
Progress_Circle_Delta,Anchor_Union_Zeta,0.0,0.263,keep_separate,do_not_merge,do_not_merge,correct_keep_separate,True,false_friend
Progress_Circle_Delta,Anchor_Union_Zeta_Group,0.0,0.091,keep_separate,do_not_merge,do_not_merge,correct_keep_separate,True,false_friend
Progress_Circle_Delta,Beacon_Partnership_Eta,0.0,0.279,keep_separate,do_not_merge,do_not_merge,correct_keep_separate,True,false_friend
Progress_Circle_Delta,Beacon_Partnership_Eta_Group,0.0,0.122,keep_separate,do_not_merge,do_not_merge,correct_keep_separate,True,false_friend
Progress_Circle_Delta,Cardinal_Assembly_Iota,0.0,0.326,keep_separate,do_not_merge,do_not_merge,correct_keep_separate,True,false_friend
Progress_Circle_Delta,Cardinal_Assembly_Iota_Group,0.0,0.082,keep_separate,do_not_merge,do_not_merge,correct_keep_separate,True,false_friend
Progress_Circle_Delta,Meridian_Foundation_Mu,0.0,0.14,keep_separate,do_not_merge,do_not_merge,correct_keep_separate,True,false_friend
Progress_Circle_Delta,Meridian_Foundation_Mu_Group,0.0,0.082,keep_separate,do_not_merge,do_not_merge,correct_keep_separate,True,false_friend
Progress_Circle_Delta,Vanguard_Alliance_Nu,0.0,0.244,keep_separate,do_not_merge,do_not_merge,correct_keep_separate,True,false_friend
Progress_Circle_Delta,Vanguard_Alliance_Nu_Group,0.0,0.085,keep_separate,do_not_merge,do_not_merge,correct_keep_separate,True,false_friend
Progress_Circle_Delta_Group,Heritage_Board_Sigma,0.0,0.255,keep_separate,do_not_merge,do_not_merge,correct_keep_separate,True,false_friend
Progress_Circle_Delta_Group,Heritage_Board_Sigma_Group,0.143,0.453,keep_separate,do_not_merge,do_not_merge,correct_keep_separate,True,false_friend
Progress_Circle_Delta_Group,Unity_Coalition_Omega,0.0,0.208,keep_separate,do_not_merge,do_not_merge,correct_keep_separate,True,false_friend
Progress_Circle_Delta_Group,Unity_Coalition_Omega_Group,0.143,0.407,keep_separate,do_not_merge,do_not_merge,correct_keep_separate,True,false_friend
Progress_Circle_Delta_Group,Frontier_Institute_Theta,0.0,0.392,keep_separate,do_not_merge,do_not_merge,correct_keep_separate,True,false_friend
Progress_Circle_Delta_Group,Frontier_Institute_Theta_Group,0.143,0.561,keep_separate,do_not_merge,do_not_merge,correct_keep_separate,True,false_friend
Progress_Circle_Delta_Group,Summit_Trust_Lambda,0.0,0.261,keep_separate,do_not_merge,do_not_merge,correct_keep_separate,True,false_friend
Progress_Circle_Delta_Group,Summit_Trust_Lambda_Group,0.143,0.462,keep_separate,do_not_merge,do_not_merge,correct_keep_separate,True,false_friend
Progress_Circle_Delta_Group,Pioneer_Society_Kappa,0.0,0.375,keep_separate,do_not_merge,do_not_merge,correct_keep_separate,True,false_friend
Progress_Circle_Delta_Group,Pioneer_Society_Kappa_Group,0.143,0.519,keep_separate,do_not_merge,do_not_merge,correct_keep_separate,True,false_friend
Progress_Circle_Delta_Group,Kappa_Pioneer_Network,0.0,0.208,keep_separate,do_not_merge,do_not_merge,correct_keep_separate,True,false_friend
Progress_Circle_Delta_Group,Anchor_Union_Zeta,0.0,0.227,keep_separate,do_not_merge,do_not_merge,correct_keep_separate,True,false_friend
Progress_Circle_Delta_Group,Anchor_Union_Zeta_Group,0.143,0.44,keep_separate,do_not_merge,do_not_merge,correct_keep_separate,True,false_friend
Progress_Circle_Delta_Group,Beacon_Partnership_Eta,0.0,0.245,keep_separate,do_not_merge,do_not_merge,correct_keep_separate,True,false_friend
Progress_Circle_Delta_Group,Beacon_Partnership_Eta_Group,0.143,0.436,keep_separate,do_not_merge,do_not_merge,correct_keep_separate,True,false_friend
Progress_Circle_Delta_Group,Cardinal_Assembly_Iota,0.0,0.286,keep_separate,do_not_merge,do_not_merge,correct_keep_separate,True,false_friend
Progress_Circle_Delta_Group,Cardinal_Assembly_Iota_Group,0.143,0.473,keep_separate,do_not_merge,do_not_merge,correct_keep_separate,True,false_friend
Progress_Circle_Delta_Group,Meridian_Foundation_Mu,0.0,0.163,keep_separate,do_not_merge,do_not_merge,correct_keep_separate,True,false_friend
Progress_Circle_Delta_Group,Meridian_Foundation_Mu_Group,0.143,0.327,keep_separate,do_not_merge,do_not_merge,correct_keep_separate,True,false_friend
Progress_Circle_Delta_Group,Vanguard_Alliance_Nu,0.0,0.255,keep_separate,do_not_merge,do_not_merge,correct_keep_separate,True,false_friend
Progress_Circle_Delta_Group,Vanguard_Alliance_Nu_Group,0.143,0.415,keep_separate,do_not_merge,do_not_merge,correct_keep_separate,True,false_friend
Heritage_Board_Sigma,Heritage_Board_Sigma_Group,0.75,0.87,auto_merge,merge,merge,correct_auto_merge,True,true_alias
Heritage_Board_Sigma,Unity_Coalition_Omega,0.0,0.39,keep_separate,do_not_merge,do_not_merge,correct_keep_separate,True,false_friend
Heritage_Board_Sigma,Unity_Coalition_Omega_Group,0.0,0.255,keep_separate,do_not_merge,do_not_merge,correct_keep_separate,True,false_friend
Heritage_Board_Sigma,Frontier_Institute_Theta,0.0,0.182,keep_separate,do_not_merge,do_not_merge,correct_keep_separate,True,false_friend
Heritage_Board_Sigma,Frontier_Institute_Theta_Group,0.0,0.24,keep_separate,do_not_merge,do_not_merge,correct_keep_separate,True,false_friend
Heritage_Board_Sigma,Summit_Trust_Lambda,0.0,0.256,keep_separate,do_not_merge,do_not_merge,correct_keep_separate,True,false_friend
Heritage_Board_Sigma,Summit_Trust_Lambda_Group,0.0,0.222,keep_separate,do_not_merge,do_not_merge,correct_keep_separate,True,false_friend
Heritage_Board_Sigma,Pioneer_Society_Kappa,0.0,0.293,keep_separate,do_not_merge,do_not_merge,correct_keep_separate,True,false_friend
Heritage_Board_Sigma,Pioneer_Society_Kappa_Group,0.0,0.255,keep_separate,do_not_merge,do_not_merge,correct_keep_separate,True,false_friend
Heritage_Board_Sigma,Kappa_Pioneer_Network,0.0,0.244,keep_separate,do_not_merge,do_not_merge,correct_keep_separate,True,false_friend
Heritage_Board_Sigma,Anchor_Union_Zeta,0.0,0.216,keep_separate,do_not_merge,do_not_merge,correct_keep_separate,True,false_friend
Heritage_Board_Sigma,Anchor_Union_Zeta_Group,0.0,0.279,keep_separate,do_not_merge,do_not_merge,correct_keep_separate,True,false_friend
Heritage_Board_Sigma,Beacon_Partnership_Eta,0.0,0.238,keep_separate,do_not_merge,do_not_merge,correct_keep_separate,True,false_friend
Heritage_Board_Sigma,Beacon_Partnership_Eta_Group,0.0,0.292,keep_separate,do_not_merge,do_not_merge,correct_keep_separate,True,false_friend
Heritage_Board_Sigma,Cardinal_Assembly_Iota,0.0,0.333,keep_separate,do_not_merge,do_not_merge,correct_keep_separate,True,false_friend
Heritage_Board_Sigma,Cardinal_Assembly_Iota_Group,0.0,0.292,keep_separate,do_not_merge,do_not_merge,correct_keep_separate,True,false_friend
Heritage_Board_Sigma,Meridian_Foundation_Mu,0.0,0.286,keep_separate,do_not_merge,do_not_merge,correct_keep_separate,True,false_friend
Heritage_Board_Sigma,Meridian_Foundation_Mu_Group,0.0,0.25,keep_separate,do_not_merge,do_not_merge,correct_keep_separate,True,false_friend
Heritage_Board_Sigma,Vanguard_Alliance_Nu,0.0,0.4,keep_separate,do_not_merge,do_not_merge,correct_keep_separate,True,false_friend
Heritage_Board_Sigma,Vanguard_Alliance_Nu_Group,0.0,0.348,keep_separate,do_not_merge,do_not_merge,correct_keep_separate,True,false_friend
Heritage_Board_Sigma_Group,Unity_Coalition_Omega,0.0,0.34,keep_separate,do_not_merge,do_not_merge,correct_keep_separate,True,false_friend
Heritage_Board_Sigma_Group,Unity_Coalition_Omega_Group,0.143,0.528,keep_separate,do_not_merge,do_not_merge,correct_keep_separate,True,false_friend
Heritage_Board_Sigma_Group,Frontier_Institute_Theta,0.0,0.16,keep_separate,do_not_merge,do_not_merge,correct_keep_separate,True,false_friend
Heritage_Board_Sigma_Group,Frontier_Institute_Theta_Group,0.143,0.357,keep_separate,do_not_merge,do_not_merge,correct_keep_separate,True,false_friend
Heritage_Board_Sigma_Group,Summit_Trust_Lambda,0.0,0.222,keep_separate,do_not_merge,do_not_merge,correct_keep_separate,True,false_friend
Heritage_Board_Sigma_Group,Summit_Trust_Lambda_Group,0.143,0.471,keep_separate,do_not_merge,do_not_merge,correct_keep_separate,True,false_friend
Heritage_Board_Sigma_Group,Pioneer_Society_Kappa,0.0,0.298,keep_separate,do_not_merge,do_not_merge,correct_keep_separate,True,false_friend
Heritage_Board_Sigma_Group,Pioneer_Society_Kappa_Group,0.143,0.453,keep_separate,do_not_merge,do_not_merge,correct_keep_separate,True,false_friend
Heritage_Board_Sigma_Group,Kappa_Pioneer_Network,0.0,0.213,keep_separate,do_not_merge,do_not_merge,correct_keep_separate,True,false_friend
Heritage_Board_Sigma_Group,Anchor_Union_Zeta,0.0,0.186,keep_separate,do_not_merge,do_not_merge,correct_keep_separate,True,false_friend
Heritage_Board_Sigma_Group,Anchor_Union_Zeta_Group,0.143,0.408,keep_separate,do_not_merge,do_not_merge,correct_keep_separate,True,false_friend
Heritage_Board_Sigma_Group,Beacon_Partnership_Eta,0.0,0.208,keep_separate,do_not_merge,do_not_merge,correct_keep_separate,True,false_friend
Heritage_Board_Sigma_Group,Beacon_Partnership_Eta_Group,0.143,0.407,keep_separate,do_not_merge,do_not_merge,correct_keep_separate,True,false_friend
Heritage_Board_Sigma_Group,Cardinal_Assembly_Iota,0.0,0.292,keep_separate,do_not_merge,do_not_merge,correct_keep_separate,True,false_friend
Heritage_Board_Sigma_Group,Cardinal_Assembly_Iota_Group,0.143,0.481,keep_separate,do_not_merge,do_not_merge,correct_keep_separate,True,false_friend
Heritage_Board_Sigma_Group,Meridian_Foundation_Mu,0.0,0.292,keep_separate,do_not_merge,do_not_merge,correct_keep_separate,True,false_friend
Heritage_Board_Sigma_Group,Meridian_Foundation_Mu_Group,0.143,0.444,keep_separate,do_not_merge,do_not_merge,correct_keep_separate,True,false_friend
Heritage_Board_Sigma_Group,Vanguard_Alliance_Nu,0.0,0.435,keep_separate,do_not_merge,do_not_merge,correct_keep_separate,True,false_friend
Heritage_Board_Sigma_Group,Vanguard_Alliance_Nu_Group,0.143,0.538,keep_separate,do_not_merge,do_not_merge,correct_keep_separate,True,false_friend
Unity_Coalition_Omega,Unity_Coalition_Omega_Group,0.75,0.875,auto_merge,merge,merge,correct_auto_merge,True,true_alias
Unity_Coalition_Omega,Frontier_Institute_Theta,0.0,0.222,keep_separate,do_not_merge,do_not_merge,correct_keep_separate,True,false_friend
Unity_Coalition_Omega,Frontier_Institute_Theta_Group,0.0,0.196,keep_separate,do_not_merge,do_not_merge,correct_keep_separate,True,false_friend
Unity_Coalition_Omega,Summit_Trust_Lambda,0.0,0.35,keep_separate,do_not_merge,do_not_merge,correct_keep_separate,True,false_friend
Unity_Coalition_Omega,Summit_Trust_Lambda_Group,0.0,0.217,keep_separate,do_not_merge,do_not_merge,correct_keep_separate,True,false_friend
Unity_Coalition_Omega,Pioneer_Society_Kappa,0.0,0.333,keep_separate,do_not_merge,do_not_merge,correct_keep_separate,True,false_friend
Unity_Coalition_Omega,Pioneer_Society_Kappa_Group,0.0,0.25,keep_separate,do_not_merge,do_not_merge,correct_keep_separate,True,false_friend
Unity_Coalition_Omega,Kappa_Pioneer_Network,0.0,0.286,keep_separate,do_not_merge,do_not_merge,correct_keep_separate,True,false_friend
Unity_Coalition_Omega,Anchor_Union_Zeta,0.0,0.421,keep_separate,do_not_merge,do_not_merge,correct_keep_separate,True,false_friend
Unity_Coalition_Omega,Anchor_Union_Zeta_Group,0.0,0.318,keep_separate,do_not_merge,do_not_merge,correct_keep_separate,True,false_friend
Unity_Coalition_Omega,Beacon_Partnership_Eta,0.0,0.279,keep_separate,do_not_merge,do_not_merge,correct_keep_separate,True,false_friend
Unity_Coalition_Omega,Beacon_Partnership_Eta_Group,0.0,0.204,keep_separate,do_not_merge,do_not_merge,correct_keep_separate,True,false_friend
Unity_Coalition_Omega,Cardinal_Assembly_Iota,0.0,0.279,keep_separate,do_not_merge,do_not_merge,correct_keep_separate,True,false_friend
Unity_Coalition_Omega,Cardinal_Assembly_Iota_Group,0.0,0.286,keep_separate,do_not_merge,do_not_merge,correct_keep_separate,True,false_friend
Unity_Coalition_Omega,Meridian_Foundation_Mu,0.0,0.419,keep_separate,do_not_merge,do_not_merge,correct_keep_separate,True,false_friend
Unity_Coalition_Omega,Meridian_Foundation_Mu_Group,0.0,0.367,keep_separate,do_not_merge,do_not_merge,correct_keep_separate,True,false_friend
Unity_Coalition_Omega,Vanguard_Alliance_Nu,0.0,0.341,keep_separate,do_not_merge,do_not_merge,correct_keep_separate,True,false_friend
Unity_Coalition_Omega,Vanguard_Alliance_Nu_Group,0.0,0.255,keep_separate,do_not_merge,do_not_merge,correct_keep_separate,True,false_friend
Unity_Coalition_Omega_Group,Frontier_Institute_Theta,0.0,0.196,keep_separate,do_not_merge,do_not_merge,correct_keep_separate,True,false_friend
Unity_Coalition_Omega_Group,Frontier_Institute_Theta_Group,0.143,0.456,keep_separate,do_not_merge,do_not_merge,correct_keep_separate,True,false_friend
Unity_Coalition_Omega_Group,Summit_Trust_Lambda,0.0,0.304,keep_separate,do_not_merge,do_not_merge,correct_keep_separate,True,false_friend
Unity_Coalition_Omega_Group,Summit_Trust_Lambda_Group,0.143,0.5,keep_separate,do_not_merge,do_not_merge,correct_keep_separate,True,false_friend
Unity_Coalition_Omega_Group,Pioneer_Society_Kappa,0.0,0.292,keep_separate,do_not_merge,do_not_merge,correct_keep_separate,True,false_friend
Unity_Coalition_Omega_Group,Pioneer_Society_Kappa_Group,0.143,0.481,keep_separate,do_not_merge,do_not_merge,correct_keep_separate,True,false_friend
Unity_Coalition_Omega_Group,Kappa_Pioneer_Network,0.0,0.292,keep_separate,do_not_merge,do_not_merge,correct_keep_separate,True,false_friend
Unity_Coalition_Omega_Group,Anchor_Union_Zeta,0.0,0.364,keep_separate,do_not_merge,do_not_merge,correct_keep_separate,True,false_friend
Unity_Coalition_Omega_Group,Anchor_Union_Zeta_Group,0.143,0.56,keep_separate,do_not_merge,do_not_merge,correct_keep_separate,True,false_friend
Unity_Coalition_Omega_Group,Beacon_Partnership_Eta,0.0,0.245,keep_separate,do_not_merge,do_not_merge,correct_keep_separate,True,false_friend
Unity_Coalition_Omega_Group,Beacon_Partnership_Eta_Group,0.143,0.436,keep_separate,do_not_merge,do_not_merge,correct_keep_separate,True,false_friend
Unity_Coalition_Omega_Group,Cardinal_Assembly_Iota,0.0,0.245,keep_separate,do_not_merge,do_not_merge,correct_keep_separate,True,false_friend
Unity_Coalition_Omega_Group,Cardinal_Assembly_Iota_Group,0.143,0.436,keep_separate,do_not_merge,do_not_merge,correct_keep_separate,True,false_friend
Unity_Coalition_Omega_Group,Meridian_Foundation_Mu,0.0,0.408,keep_separate,do_not_merge,do_not_merge,correct_keep_separate,True,false_friend
Unity_Coalition_Omega_Group,Meridian_Foundation_Mu_Group,0.143,0.545,keep_separate,do_not_merge,do_not_merge,correct_keep_separate,True,false_friend
Unity_Coalition_Omega_Group,Vanguard_Alliance_Nu,0.0,0.34,keep_separate,do_not_merge,do_not_merge,correct_keep_separate,True,false_friend
Unity_Coalition_Omega_Group,Vanguard_Alliance_Nu_Group,0.143,0.491,keep_separate,do_not_merge,do_not_merge,correct_keep_separate,True,false_friend
Frontier_Institute_Theta,Frontier_Institute_Theta_Group,0.75,0.889,auto_merge,merge,merge,correct_auto_merge,True,true_alias
Frontier_Institute_Theta,Summit_Trust_Lambda,0.0,0.233,keep_separate,do_not_merge,do_not_merge,correct_keep_separate,True,false_friend
Frontier_Institute_Theta,Summit_Trust_Lambda_Group,0.0,0.122,keep_separate,do_not_merge,do_not_merge,correct_keep_separate,True,false_friend
Frontier_Institute_Theta,Pioneer_Society_Kappa,0.0,0.4,keep_separate,do_not_merge,do_not_merge,correct_keep_separate,True,false_friend
Frontier_Institute_Theta,Pioneer_Society_Kappa_Group,0.0,0.353,keep_separate,do_not_merge,do_not_merge,correct_keep_separate,True,false_friend
Frontier_Institute_Theta,Kappa_Pioneer_Network,0.0,0.356,keep_separate,do_not_merge,do_not_merge,correct_keep_separate,True,false_friend
Frontier_Institute_Theta,Anchor_Union_Zeta,0.0,0.341,keep_separate,do_not_merge,do_not_merge,correct_keep_separate,True,false_friend
Frontier_Institute_Theta,Anchor_Union_Zeta_Group,0.0,0.298,keep_separate,do_not_merge,do_not_merge,correct_keep_separate,True,false_friend
Frontier_Institute_Theta,Beacon_Partnership_Eta,0.0,0.391,keep_separate,do_not_merge,do_not_merge,correct_keep_separate,True,false_friend
Frontier_Institute_Theta,Beacon_Partnership_Eta_Group,0.0,0.346,keep_separate,do_not_merge,do_not_merge,correct_keep_separate,True,false_friend
Frontier_Institute_Theta,Cardinal_Assembly_Iota,0.0,0.304,keep_separate,do_not_merge,do_not_merge,correct_keep_separate,True,false_friend
Frontier_Institute_Theta,Cardinal_Assembly_Iota_Group,0.0,0.115,keep_separate,do_not_merge,do_not_merge,correct_keep_separate,True,false_friend
Frontier_Institute_Theta,Meridian_Foundation_Mu,0.0,0.217,keep_separate,do_not_merge,do_not_merge,correct_keep_separate,True,false_friend
Frontier_Institute_Theta,Meridian_Foundation_Mu_Group,0.0,0.154,keep_separate,do_not_merge,do_not_merge,correct_keep_separate,True,false_friend
Frontier_Institute_Theta,Vanguard_Alliance_Nu,0.0,0.182,keep_separate,do_not_merge,do_not_merge,correct_keep_separate,True,false_friend
Frontier_Institute_Theta,Vanguard_Alliance_Nu_Group,0.0,0.12,keep_separate,do_not_merge,do_not_merge,correct_keep_separate,True,false_friend
Frontier_Institute_Theta_Group,Summit_Trust_Lambda,0.0,0.204,keep_separate,do_not_merge,do_not_merge,correct_keep_separate,True,false_friend
Frontier_Institute_Theta_Group,Summit_Trust_Lambda_Group,0.143,0.4,keep_separate,do_not_merge,do_not_merge,correct_keep_separate,True,false_friend
Frontier_Institute_Theta_Group,Pioneer_Society_Kappa,0.0,0.392,keep_separate,do_not_merge,do_not_merge,correct_keep_separate,True,false_friend
Frontier_Institute_Theta_Group,Pioneer_Society_Kappa_Group,0.143,0.526,keep_separate,do_not_merge,do_not_merge,correct_keep_separate,True,false_friend
Frontier_Institute_Theta_Group,Kappa_Pioneer_Network,0.0,0.353,keep_separate,do_not_merge,do_not_merge,correct_keep_separate,True,false_friend
Frontier_Institute_Theta_Group,Anchor_Union_Zeta,0.0,0.298,keep_separate,do_not_merge,do_not_merge,correct_keep_separate,True,false_friend
Frontier_Institute_Theta_Group,Anchor_Union_Zeta_Group,0.143,0.491,keep_separate,do_not_merge,do_not_merge,correct_keep_separate,True,false_friend
Frontier_Institute_Theta_Group,Beacon_Partnership_Eta,0.0,0.346,keep_separate,do_not_merge,do_not_merge,correct_keep_separate,True,false_friend
Frontier_Institute_Theta_Group,Beacon_Partnership_Eta_Group,0.143,0.517,keep_separate,do_not_merge,do_not_merge,correct_keep_separate,True,false_friend
Frontier_Institute_Theta_Group,Cardinal_Assembly_Iota,0.0,0.269,keep_separate,do_not_merge,do_not_merge,correct_keep_separate,True,false_friend
Frontier_Institute_Theta_Group,Cardinal_Assembly_Iota_Group,0.143,0.448,keep_separate,do_not_merge,do_not_merge,correct_keep_separate,True,false_friend
Frontier_Institute_Theta_Group,Meridian_Foundation_Mu,0.0,0.192,keep_separate,do_not_merge,do_not_merge,correct_keep_separate,True,false_friend
Frontier_Institute_Theta_Group,Meridian_Foundation_Mu_Group,0.143,0.379,keep_separate,do_not_merge,do_not_merge,correct_keep_separate,True,false_friend
Frontier_Institute_Theta_Group,Vanguard_Alliance_Nu,0.0,0.2,keep_separate,do_not_merge,do_not_merge,correct_keep_separate,True,false_friend
Frontier_Institute_Theta_Group,Vanguard_Alliance_Nu_Group,0.143,0.357,keep_separate,do_not_merge,do_not_merge,correct_keep_separate,True,false_friend
Summit_Trust_Lambda,Summit_Trust_Lambda_Group,0.75,0.864,auto_merge,merge,merge,correct_auto_merge,True,true_alias
Summit_Trust_Lambda,Pioneer_Society_Kappa,0.0,0.3,keep_separate,do_not_merge,do_not_merge,correct_keep_separate,True,false_friend
Summit_Trust_Lambda,Pioneer_Society_Kappa_Group,0.0,0.087,keep_separate,do_not_merge,do_not_merge,correct_keep_separate,True,false_friend
Summit_Trust_Lambda,Kappa_Pioneer_Network,0.0,0.15,keep_separate,do_not_merge,do_not_merge,correct_keep_separate,True,false_friend
Summit_Trust_Lambda,Anchor_Union_Zeta,0.0,0.222,keep_separate,do_not_merge,do_not_merge,correct_keep_separate,True,false_friend
Summit_Trust_Lambda,Anchor_Union_Zeta_Group,0.0,0.286,keep_separate,do_not_merge,do_not_merge,correct_keep_separate,True,false_friend
Summit_Trust_Lambda,Beacon_Partnership_Eta,0.0,0.195,keep_separate,do_not_merge,do_not_merge,correct_keep_separate,True,false_friend
Summit_Trust_Lambda,Beacon_Partnership_Eta_Group,0.0,0.085,keep_separate,do_not_merge,do_not_merge,correct_keep_separate,True,false_friend
Summit_Trust_Lambda,Cardinal_Assembly_Iota,0.0,0.244,keep_separate,do_not_merge,do_not_merge,correct_keep_separate,True,false_friend
Summit_Trust_Lambda,Cardinal_Assembly_Iota_Group,0.0,0.213,keep_separate,do_not_merge,do_not_merge,correct_keep_separate,True,false_friend
Summit_Trust_Lambda,Meridian_Foundation_Mu,0.0,0.146,keep_separate,do_not_merge,do_not_merge,correct_keep_separate,True,false_friend
Summit_Trust_Lambda,Meridian_Foundation_Mu_Group,0.0,0.128,keep_separate,do_not_merge,do_not_merge,correct_keep_separate,True,false_friend
Summit_Trust_Lambda,Vanguard_Alliance_Nu,0.0,0.205,keep_separate,do_not_merge,do_not_merge,correct_keep_separate,True,false_friend
Summit_Trust_Lambda,Vanguard_Alliance_Nu_Group,0.0,0.222,keep_separate,do_not_merge,do_not_merge,correct_keep_separate,True,false_friend
Summit_Trust_Lambda_Group,Pioneer_Society_Kappa,0.0,0.261,keep_separate,do_not_merge,do_not_merge,correct_keep_separate,True,false_friend
Summit_Trust_Lambda_Group,Pioneer_Society_Kappa_Group,0.143,0.462,keep_separate,do_not_merge,do_not_merge,correct_keep_separate,True,false_friend
Summit_Trust_Lambda_Group,Kappa_Pioneer_Network,0.0,0.217,keep_separate,do_not_merge,do_not_merge,correct_keep_separate,True,false_friend
Summit_Trust_Lambda_Group,Anchor_Union_Zeta,0.0,0.19,keep_separate,do_not_merge,do_not_merge,correct_keep_separate,True,false_friend
Summit_Trust_Lambda_Group,Anchor_Union_Zeta_Group,0.143,0.417,keep_separate,do_not_merge,do_not_merge,correct_keep_separate,True,false_friend
Summit_Trust_Lambda_Group,Beacon_Partnership_Eta,0.0,0.17,keep_separate,do_not_merge,do_not_merge,correct_keep_separate,True,false_friend
Summit_Trust_Lambda_Group,Beacon_Partnership_Eta_Group,0.143,0.377,keep_separate,do_not_merge,do_not_merge,correct_keep_separate,True,false_friend
Summit_Trust_Lambda_Group,Cardinal_Assembly_Iota,0.0,0.213,keep_separate,do_not_merge,do_not_merge,correct_keep_separate,True,false_friend
Summit_Trust_Lambda_Group,Cardinal_Assembly_Iota_Group,0.143,0.415,keep_separate,do_not_merge,do_not_merge,correct_keep_separate,True,false_friend
Summit_Trust_Lambda_Group,Meridian_Foundation_Mu,0.0,0.213,keep_separate,do_not_merge,do_not_merge,correct_keep_separate,True,false_friend
Summit_Trust_Lambda_Group,Meridian_Foundation_Mu_Group,0.143,0.34,keep_separate,do_not_merge,do_not_merge,correct_keep_separate,True,false_friend
Summit_Trust_Lambda_Group,Vanguard_Alliance_Nu,0.0,0.178,keep_separate,do_not_merge,do_not_merge,correct_keep_separate,True,false_friend
Summit_Trust_Lambda_Group,Vanguard_Alliance_Nu_Group,0.143,0.392,keep_separate,do_not_merge,do_not_merge,correct_keep_separate,True,false_friend
Pioneer_Society_Kappa,Pioneer_Society_Kappa_Group,0.75,0.875,auto_merge,merge,merge,correct_auto_merge,True,true_alias
Pioneer_Society_Kappa,Kappa_Pioneer_Network,0.5,0.524,refer_to_human,do_not_merge,merge,referred_true_alias,False,true_alias
Pioneer_Society_Kappa,Anchor_Union_Zeta,0.0,0.368,keep_separate,do_not_merge,do_not_merge,correct_keep_separate,True,false_friend
Pioneer_Society_Kappa,Anchor_Union_Zeta_Group,0.0,0.364,keep_separate,do_not_merge,do_not_merge,correct_keep_separate,True,false_friend
Pioneer_Society_Kappa,Beacon_Partnership_Eta,0.0,0.372,keep_separate,do_not_merge,do_not_merge,correct_keep_separate,True,false_friend
Pioneer_Society_Kappa,Beacon_Partnership_Eta_Group,0.0,0.367,keep_separate,do_not_merge,do_not_merge,correct_keep_separate,True,false_friend
Pioneer_Society_Kappa,Cardinal_Assembly_Iota,0.0,0.186,keep_separate,do_not_merge,do_not_merge,correct_keep_separate,True,false_friend
Pioneer_Society_Kappa,Cardinal_Assembly_Iota_Group,0.0,0.204,keep_separate,do_not_merge,do_not_merge,correct_keep_separate,True,false_friend
Pioneer_Society_Kappa,Meridian_Foundation_Mu,0.0,0.186,keep_separate,do_not_merge,do_not_merge,correct_keep_separate,True,false_friend
Pioneer_Society_Kappa,Meridian_Foundation_Mu_Group,0.0,0.245,keep_separate,do_not_merge,do_not_merge,correct_keep_separate,True,false_friend
Pioneer_Society_Kappa,Vanguard_Alliance_Nu,0.0,0.195,keep_separate,do_not_merge,do_not_merge,correct_keep_separate,True,false_friend
Pioneer_Society_Kappa,Vanguard_Alliance_Nu_Group,0.0,0.043,keep_separate,do_not_merge,do_not_merge,correct_keep_separate,True,false_friend
Pioneer_Society_Kappa_Group,Kappa_Pioneer_Network,0.4,0.458,refer_to_human,do_not_merge,merge,referred_true_alias,False,true_alias
Pioneer_Society_Kappa_Group,Anchor_Union_Zeta,0.0,0.318,keep_separate,do_not_merge,do_not_merge,correct_keep_separate,True,false_friend
Pioneer_Society_Kappa_Group,Anchor_Union_Zeta_Group,0.143,0.52,keep_separate,do_not_merge,do_not_merge,correct_keep_separate,True,false_friend
Pioneer_Society_Kappa_Group,Beacon_Partnership_Eta,0.0,0.327,keep_separate,do_not_merge,do_not_merge,correct_keep_separate,True,false_friend
Pioneer_Society_Kappa_Group,Beacon_Partnership_Eta_Group,0.143,0.509,keep_separate,do_not_merge,do_not_merge,correct_keep_separate,True,false_friend
Pioneer_Society_Kappa_Group,Cardinal_Assembly_Iota,0.0,0.163,keep_separate,do_not_merge,do_not_merge,correct_keep_separate,True,false_friend
Pioneer_Society_Kappa_Group,Cardinal_Assembly_Iota_Group,0.143,0.364,keep_separate,do_not_merge,do_not_merge,correct_keep_separate,True,false_friend
Pioneer_Society_Kappa_Group,Meridian_Foundation_Mu,0.0,0.204,keep_separate,do_not_merge,do_not_merge,correct_keep_separate,True,false_friend
Pioneer_Society_Kappa_Group,Meridian_Foundation_Mu_Group,0.143,0.364,keep_separate,do_not_merge,do_not_merge,correct_keep_separate,True,false_friend
Pioneer_Society_Kappa_Group,Vanguard_Alliance_Nu,0.0,0.213,keep_separate,do_not_merge,do_not_merge,correct_keep_separate,True,false_friend
Pioneer_Society_Kappa_Group,Vanguard_Alliance_Nu_Group,0.143,0.377,keep_separate,do_not_merge,do_not_merge,correct_keep_separate,True,false_friend
Kappa_Pioneer_Network,Anchor_Union_Zeta,0.0,0.421,keep_separate,do_not_merge,do_not_merge,correct_keep_separate,True,false_friend
Kappa_Pioneer_Network,Anchor_Union_Zeta_Group,0.0,0.409,keep_separate,do_not_merge,do_not_merge,correct_keep_separate,True,false_friend
Kappa_Pioneer_Network,Beacon_Partnership_Eta,0.0,0.419,keep_separate,do_not_merge,do_not_merge,correct_keep_separate,True,false_friend
Kappa_Pioneer_Network,Beacon_Partnership_Eta_Group,0.0,0.408,keep_separate,do_not_merge,do_not_merge,correct_keep_separate,True,false_friend
Kappa_Pioneer_Network,Cardinal_Assembly_Iota,0.0,0.279,keep_separate,do_not_merge,do_not_merge,correct_keep_separate,True,false_friend
Kappa_Pioneer_Network,Cardinal_Assembly_Iota_Group,0.0,0.163,keep_separate,do_not_merge,do_not_merge,correct_keep_separate,True,false_friend
Kappa_Pioneer_Network,Meridian_Foundation_Mu,0.0,0.279,keep_separate,do_not_merge,do_not_merge,correct_keep_separate,True,false_friend
Kappa_Pioneer_Network,Meridian_Foundation_Mu_Group,0.0,0.286,keep_separate,do_not_merge,do_not_merge,correct_keep_separate,True,false_friend
Kappa_Pioneer_Network,Vanguard_Alliance_Nu,0.0,0.39,keep_separate,do_not_merge,do_not_merge,correct_keep_separate,True,false_friend
Kappa_Pioneer_Network,Vanguard_Alliance_Nu_Group,0.0,0.383,keep_separate,do_not_merge,do_not_merge,correct_keep_separate,True,false_friend
Anchor_Union_Zeta,Anchor_Union_Zeta_Group,0.75,0.85,auto_merge,merge,merge,correct_auto_merge,True,true_alias
Anchor_Union_Zeta,Beacon_Partnership_Eta,0.0,0.41,keep_separate,do_not_merge,do_not_merge,correct_keep_separate,True,false_friend
Anchor_Union_Zeta,Beacon_Partnership_Eta_Group,0.0,0.356,keep_separate,do_not_merge,do_not_merge,correct_keep_separate,True,false_friend
Anchor_Union_Zeta,Cardinal_Assembly_Iota,0.0,0.359,keep_separate,do_not_merge,do_not_merge,correct_keep_separate,True,false_friend
Anchor_Union_Zeta,Cardinal_Assembly_Iota_Group,0.0,0.311,keep_separate,do_not_merge,do_not_merge,correct_keep_separate,True,false_friend
Anchor_Union_Zeta,Meridian_Foundation_Mu,0.0,0.462,keep_separate,do_not_merge,do_not_merge,correct_keep_separate,True,false_friend
Anchor_Union_Zeta,Meridian_Foundation_Mu_Group,0.0,0.4,keep_separate,do_not_merge,do_not_merge,correct_keep_separate,True,false_friend
Anchor_Union_Zeta,Vanguard_Alliance_Nu,0.0,0.27,keep_separate,do_not_merge,do_not_merge,correct_keep_separate,True,false_friend
Anchor_Union_Zeta,Vanguard_Alliance_Nu_Group,0.0,0.233,keep_separate,do_not_merge,do_not_merge,correct_keep_separate,True,false_friend
Anchor_Union_Zeta_Group,Beacon_Partnership_Eta,0.0,0.356,keep_separate,do_not_merge,do_not_merge,correct_keep_separate,True,false_friend
Anchor_Union_Zeta_Group,Beacon_Partnership_Eta_Group,0.143,0.549,keep_separate,do_not_merge,do_not_merge,correct_keep_separate,True,false_friend
Anchor_Union_Zeta_Group,Cardinal_Assembly_Iota,0.0,0.311,keep_separate,do_not_merge,do_not_merge,correct_keep_separate,True,false_friend
Anchor_Union_Zeta_Group,Cardinal_Assembly_Iota_Group,0.143,0.51,keep_separate,do_not_merge,do_not_merge,correct_keep_separate,True,false_friend
Anchor_Union_Zeta_Group,Meridian_Foundation_Mu,0.0,0.444,keep_separate,do_not_merge,do_not_merge,correct_keep_separate,True,false_friend
Anchor_Union_Zeta_Group,Meridian_Foundation_Mu_Group,0.143,0.588,keep_separate,do_not_merge,do_not_merge,correct_keep_separate,True,false_friend
Anchor_Union_Zeta_Group,Vanguard_Alliance_Nu,0.0,0.233,keep_separate,do_not_merge,do_not_merge,correct_keep_separate,True,false_friend
Anchor_Union_Zeta_Group,Vanguard_Alliance_Nu_Group,0.143,0.449,keep_separate,do_not_merge,do_not_merge,correct_keep_separate,True,false_friend
Beacon_Partnership_Eta,Beacon_Partnership_Eta_Group,0.75,0.88,auto_merge,merge,merge,correct_auto_merge,True,true_alias
Beacon_Partnership_Eta,Cardinal_Assembly_Iota,0.0,0.364,keep_separate,do_not_merge,do_not_merge,correct_keep_separate,True,false_friend
Beacon_Partnership_Eta,Cardinal_Assembly_Iota_Group,0.0,0.32,keep_separate,do_not_merge,do_not_merge,correct_keep_separate,True,false_friend
Beacon_Partnership_Eta,Meridian_Foundation_Mu,0.0,0.227,keep_separate,do_not_merge,do_not_merge,correct_keep_separate,True,false_friend
Beacon_Partnership_Eta,Meridian_Foundation_Mu_Group,0.0,0.24,keep_separate,do_not_merge,do_not_merge,correct_keep_separate,True,false_friend
Beacon_Partnership_Eta,Vanguard_Alliance_Nu,0.0,0.333,keep_separate,do_not_merge,do_not_merge,correct_keep_separate,True,false_friend
Beacon_Partnership_Eta,Vanguard_Alliance_Nu_Group,0.0,0.333,keep_separate,do_not_merge,do_not_merge,correct_keep_separate,True,false_friend
Beacon_Partnership_Eta_Group,Cardinal_Assembly_Iota,0.0,0.32,keep_separate,do_not_merge,do_not_merge,correct_keep_separate,True,false_friend
Beacon_Partnership_Eta_Group,Cardinal_Assembly_Iota_Group,0.143,0.5,keep_separate,do_not_merge,do_not_merge,correct_keep_separate,True,false_friend
Beacon_Partnership_Eta_Group,Meridian_Foundation_Mu,0.0,0.24,keep_separate,do_not_merge,do_not_merge,correct_keep_separate,True,false_friend
Beacon_Partnership_Eta_Group,Meridian_Foundation_Mu_Group,0.143,0.393,keep_separate,do_not_merge,do_not_merge,correct_keep_separate,True,false_friend
Beacon_Partnership_Eta_Group,Vanguard_Alliance_Nu,0.0,0.333,keep_separate,do_not_merge,do_not_merge,correct_keep_separate,True,false_friend
Beacon_Partnership_Eta_Group,Vanguard_Alliance_Nu_Group,0.143,0.481,keep_separate,do_not_merge,do_not_merge,correct_keep_separate,True,false_friend
Cardinal_Assembly_Iota,Cardinal_Assembly_Iota_Group,0.75,0.88,auto_merge,merge,merge,correct_auto_merge,True,true_alias
Cardinal_Assembly_Iota,Meridian_Foundation_Mu,0.0,0.318,keep_separate,do_not_merge,do_not_merge,correct_keep_separate,True,false_friend
Cardinal_Assembly_Iota,Meridian_Foundation_Mu_Group,0.0,0.28,keep_separate,do_not_merge,do_not_merge,correct_keep_separate,True,false_friend
Cardinal_Assembly_Iota,Vanguard_Alliance_Nu,0.0,0.286,keep_separate,do_not_merge,do_not_merge,correct_keep_separate,True,false_friend
Cardinal_Assembly_Iota,Vanguard_Alliance_Nu_Group,0.0,0.333,keep_separate,do_not_merge,do_not_merge,correct_keep_separate,True,false_friend
Cardinal_Assembly_Iota_Group,Meridian_Foundation_Mu,0.0,0.36,keep_separate,do_not_merge,do_not_merge,correct_keep_separate,True,false_friend
Cardinal_Assembly_Iota_Group,Meridian_Foundation_Mu_Group,0.143,0.464,keep_separate,do_not_merge,do_not_merge,correct_keep_separate,True,false_friend
Cardinal_Assembly_Iota_Group,Vanguard_Alliance_Nu,0.0,0.292,keep_separate,do_not_merge,do_not_merge,correct_keep_separate,True,false_friend
Cardinal_Assembly_Iota_Group,Vanguard_Alliance_Nu_Group,0.143,0.444,keep_separate,do_not_merge,do_not_merge,correct_keep_separate,True,false_friend
Meridian_Foundation_Mu,Meridian_Foundation_Mu_Group,0.75,0.88,auto_merge,merge,merge,correct_auto_merge,True,true_alias
Meridian_Foundation_Mu,Vanguard_Alliance_Nu,0.0,0.333,keep_separate,do_not_merge,do_not_merge,correct_keep_separate,True,false_friend
Meridian_Foundation_Mu,Vanguard_Alliance_Nu_Group,0.0,0.333,keep_separate,do_not_merge,do_not_merge,correct_keep_separate,True,false_friend
Meridian_Foundation_Mu_Group,Vanguard_Alliance_Nu,0.0,0.292,keep_separate,do_not_merge,do_not_merge,correct_keep_separate,True,false_friend
Meridian_Foundation_Mu_Group,Vanguard_Alliance_Nu_Group,0.143,0.519,keep_separate,do_not_merge,do_not_merge,correct_keep_separate,True,false_friend
Vanguard_Alliance_Nu,Vanguard_Alliance_Nu_Group,0.75,0.87,auto_merge,merge,merge,correct_auto_merge,True,true_alias
