id,candidate_id,node_sequence,edge_sequence,evidence_grades,edge_provenance,evidence_snippets,review_priority_score,triage_threshold,score_threshold_crossed,eligible_for_high_priority,eligibility_rule_version,ineligible_reason,high_priority_review,flagged,ground_truth_label,is_weak_chain,touches_embedded_control,classification,explanation,recommended_action
GT_PATH_003,CAND_0030,Funder_003 -> Intermediary_003 -> Event_003 -> Report_003,funds -> hosts -> publishes,4 -> 3 -> 3,ground-truth -> ground-truth -> ground-truth,Synthetic record: Funder_003 is listed as providing funding to Intermediary_003 during Phase_01. || Synthetic record: Intermediary_003 is listed as a host of Event_003 during Phase_01. || Synthetic record: Event_003 is listed as the publisher of Report_003 during Phase_02.,67.8,60.0,1,1,funding_and_min_grade_2_v1,,1,1,1,0,0,true_positive,"HIGH-PRIORITY REVIEW (raw score 67.80 >= threshold 60.0 and eligible): includes a direct synthetic funding edge (grade 4); weakest hop grade 3, mean grade 3.33; documentary continuity maintained across all hops.",Prioritise for expert review: inspect the underlying synthetic records and confirm each link independently before drawing any inference.
GT_PATH_004,CAND_0035,Funder_004 -> Intermediary_004 -> Proxy_004 -> Campaign_004,funds -> partners_with -> hosts,4 -> 3 -> 3,ground-truth -> ground-truth -> ground-truth,Synthetic record: Funder_004 is listed as providing funding to Intermediary_004 during Phase_01. || Synthetic record: Intermediary_004 is described as a partner of Proxy_004 during Phase_01. || Synthetic record: Proxy_004 is listed as a host of Campaign_004 during Phase_02.,67.8,60.0,1,1,funding_and_min_grade_2_v1,,1,1,1,0,0,true_positive,"HIGH-PRIORITY REVIEW (raw score 67.80 >= threshold 60.0 and eligible): includes a direct synthetic funding edge (grade 4); weakest hop grade 3, mean grade 3.33; documentary continuity maintained across all hops.",Prioritise for expert review: inspect the underlying synthetic records and confirm each link independently before drawing any inference.
GT_PATH_019,CAND_0088,Funder_019 -> Intermediary_019 -> Event_019 -> Report_019,funds -> hosts -> publishes,4 -> 3 -> 3,ground-truth -> ground-truth -> ground-truth,Synthetic record: Funder_019 is listed as providing funding to Intermediary_019 during Phase_01. || Synthetic record: Intermediary_019 is listed as a host of Event_019 during Phase_01. || Synthetic record: Event_019 is listed as the publisher of Report_019 during Phase_02.,67.8,60.0,1,1,funding_and_min_grade_2_v1,,1,1,1,0,0,true_positive,"HIGH-PRIORITY REVIEW (raw score 67.80 >= threshold 60.0 and eligible): includes a direct synthetic funding edge (grade 4); weakest hop grade 3, mean grade 3.33; documentary continuity maintained across all hops.",Prioritise for expert review: inspect the underlying synthetic records and confirm each link independently before drawing any inference.
GT_PATH_007,CAND_0058,Funder_007 -> Intermediary_007 -> Event_007 -> Report_007,funds -> hosts -> publishes,4 -> 3 -> 3,ground-truth -> ground-truth -> ground-truth,Synthetic record: Funder_007 is listed as providing funding to Intermediary_007 during Phase_01. || Synthetic record: Intermediary_007 is listed as a host of Event_007 during Phase_01. || Synthetic record: Event_007 is listed as the publisher of Report_007 during Phase_02.,67.8,60.0,1,1,funding_and_min_grade_2_v1,,1,1,1,0,0,true_positive,"HIGH-PRIORITY REVIEW (raw score 67.80 >= threshold 60.0 and eligible): includes a direct synthetic funding edge (grade 4); weakest hop grade 3, mean grade 3.33; documentary continuity maintained across all hops.",Prioritise for expert review: inspect the underlying synthetic records and confirm each link independently before drawing any inference.
GT_PATH_000,CAND_0004,Funder_000 -> Intermediary_000 -> Proxy_000 -> Campaign_000,funds -> partners_with -> hosts,4 -> 3 -> 3,ground-truth -> ground-truth -> ground-truth,Synthetic record: Funder_000 is listed as providing funding to Intermediary_000 during Phase_01. || Synthetic record: Intermediary_000 is described as a partner of Proxy_000 during Phase_01. || Synthetic record: Proxy_000 is listed as a host of Campaign_000 during Phase_02.,67.8,60.0,1,1,funding_and_min_grade_2_v1,,1,1,1,0,0,true_positive,"HIGH-PRIORITY REVIEW (raw score 67.80 >= threshold 60.0 and eligible): includes a direct synthetic funding edge (grade 4); weakest hop grade 3, mean grade 3.33; documentary continuity maintained across all hops.",Prioritise for expert review: inspect the underlying synthetic records and confirm each link independently before drawing any inference.
GT_PATH_016,CAND_0085,Funder_016 -> Intermediary_016 -> Proxy_016 -> Campaign_016,funds -> partners_with -> hosts,4 -> 3 -> 3,ground-truth -> ground-truth -> ground-truth,Synthetic record: Funder_016 is listed as providing funding to Intermediary_016 during Phase_01. || Synthetic record: Intermediary_016 is described as a partner of Proxy_016 during Phase_01. || Synthetic record: Proxy_016 is listed as a host of Campaign_016 during Phase_02.,67.8,60.0,1,1,funding_and_min_grade_2_v1,,1,1,1,0,0,true_positive,"HIGH-PRIORITY REVIEW (raw score 67.80 >= threshold 60.0 and eligible): includes a direct synthetic funding edge (grade 4); weakest hop grade 3, mean grade 3.33; documentary continuity maintained across all hops.",Prioritise for expert review: inspect the underlying synthetic records and confirm each link independently before drawing any inference.
GT_PATH_011,CAND_0080,Funder_011 -> Intermediary_011 -> Event_011 -> Report_011,funds -> hosts -> publishes,4 -> 3 -> 3,ground-truth -> ground-truth -> ground-truth,Synthetic record: Funder_011 is listed as providing funding to Intermediary_011 during Phase_01. || Synthetic record: Intermediary_011 is listed as a host of Event_011 during Phase_01. || Synthetic record: Event_011 is listed as the publisher of Report_011 during Phase_02.,67.8,60.0,1,1,funding_and_min_grade_2_v1,,1,1,1,0,0,true_positive,"HIGH-PRIORITY REVIEW (raw score 67.80 >= threshold 60.0 and eligible): includes a direct synthetic funding edge (grade 4); weakest hop grade 3, mean grade 3.33; documentary continuity maintained across all hops.",Prioritise for expert review: inspect the underlying synthetic records and confirm each link independently before drawing any inference.
GT_PATH_015,CAND_0084,Funder_015 -> Intermediary_015 -> Event_015 -> Report_015,funds -> hosts -> publishes,4 -> 3 -> 3,ground-truth -> ground-truth -> ground-truth,Synthetic record: Funder_015 is listed as providing funding to Intermediary_015 during Phase_01. || Synthetic record: Intermediary_015 is listed as a host of Event_015 during Phase_01. || Synthetic record: Event_015 is listed as the publisher of Report_015 during Phase_02.,67.8,60.0,1,1,funding_and_min_grade_2_v1,,1,1,1,0,0,true_positive,"HIGH-PRIORITY REVIEW (raw score 67.80 >= threshold 60.0 and eligible): includes a direct synthetic funding edge (grade 4); weakest hop grade 3, mean grade 3.33; documentary continuity maintained across all hops.",Prioritise for expert review: inspect the underlying synthetic records and confirm each link independently before drawing any inference.
GT_PATH_012,CAND_0081,Funder_012 -> Intermediary_012 -> Proxy_012 -> Campaign_012,funds -> partners_with -> hosts,4 -> 3 -> 3,ground-truth -> ground-truth -> ground-truth,Synthetic record: Funder_012 is listed as providing funding to Intermediary_012 during Phase_01. || Synthetic record: Intermediary_012 is described as a partner of Proxy_012 during Phase_01. || Synthetic record: Proxy_012 is listed as a host of Campaign_012 during Phase_02.,67.8,60.0,1,1,funding_and_min_grade_2_v1,,1,1,1,0,0,true_positive,"HIGH-PRIORITY REVIEW (raw score 67.80 >= threshold 60.0 and eligible): includes a direct synthetic funding edge (grade 4); weakest hop grade 3, mean grade 3.33; documentary continuity maintained across all hops.",Prioritise for expert review: inspect the underlying synthetic records and confirm each link independently before drawing any inference.
GT_PATH_008,CAND_0065,Funder_008 -> Intermediary_008 -> Proxy_008 -> Campaign_008,funds -> partners_with -> hosts,4 -> 3 -> 3,ground-truth -> ground-truth -> ground-truth,Synthetic record: Funder_008 is listed as providing funding to Intermediary_008 during Phase_01. || Synthetic record: Intermediary_008 is described as a partner of Proxy_008 during Phase_01. || Synthetic record: Proxy_008 is listed as a host of Campaign_008 during Phase_02.,67.8,60.0,1,1,funding_and_min_grade_2_v1,,1,1,1,0,0,true_positive,"HIGH-PRIORITY REVIEW (raw score 67.80 >= threshold 60.0 and eligible): includes a direct synthetic funding edge (grade 4); weakest hop grade 3, mean grade 3.33; documentary continuity maintained across all hops.",Prioritise for expert review: inspect the underlying synthetic records and confirm each link independently before drawing any inference.
GT_PATH_020,CAND_0089,Funder_020 -> Intermediary_020 -> Proxy_020 -> Campaign_020,funds -> partners_with -> hosts,4 -> 3 -> 3,ground-truth -> ground-truth -> ground-truth,Synthetic record: Funder_020 is listed as providing funding to Intermediary_020 during Phase_01. || Synthetic record: Intermediary_020 is described as a partner of Proxy_020 during Phase_01. || Synthetic record: Proxy_020 is listed as a host of Campaign_020 during Phase_02.,67.8,60.0,1,1,funding_and_min_grade_2_v1,,1,1,1,0,0,true_positive,"HIGH-PRIORITY REVIEW (raw score 67.80 >= threshold 60.0 and eligible): includes a direct synthetic funding edge (grade 4); weakest hop grade 3, mean grade 3.33; documentary continuity maintained across all hops.",Prioritise for expert review: inspect the underlying synthetic records and confirm each link independently before drawing any inference.
GT_PATH_024,CAND_0093,Funder_024 -> Intermediary_024 -> Proxy_024 -> Campaign_024,funds -> partners_with -> hosts,4 -> 3 -> 3,ground-truth -> ground-truth -> ground-truth,Synthetic record: Funder_024 is listed as providing funding to Intermediary_024 during Phase_01. || Synthetic record: Intermediary_024 is described as a partner of Proxy_024 during Phase_01. || Synthetic record: Proxy_024 is listed as a host of Campaign_024 during Phase_02.,67.8,60.0,1,1,funding_and_min_grade_2_v1,,1,1,1,0,0,true_positive,"HIGH-PRIORITY REVIEW (raw score 67.80 >= threshold 60.0 and eligible): includes a direct synthetic funding edge (grade 4); weakest hop grade 3, mean grade 3.33; documentary continuity maintained across all hops.",Prioritise for expert review: inspect the underlying synthetic records and confirm each link independently before drawing any inference.
GT_PATH_023,CAND_0092,Funder_023 -> Intermediary_023 -> Event_023 -> Report_023,funds -> hosts -> publishes,4 -> 3 -> 3,ground-truth -> ground-truth -> ground-truth,Synthetic record: Funder_023 is listed as providing funding to Intermediary_023 during Phase_01. || Synthetic record: Intermediary_023 is listed as a host of Event_023 during Phase_01. || Synthetic record: Event_023 is listed as the publisher of Report_023 during Phase_02.,67.8,60.0,1,1,funding_and_min_grade_2_v1,,1,1,1,0,0,true_positive,"HIGH-PRIORITY REVIEW (raw score 67.80 >= threshold 60.0 and eligible): includes a direct synthetic funding edge (grade 4); weakest hop grade 3, mean grade 3.33; documentary continuity maintained across all hops.",Prioritise for expert review: inspect the underlying synthetic records and confirm each link independently before drawing any inference.
GT_PATH_001,CAND_0016,Funder_001 -> Intermediary_001 -> Event_001 -> Proxy_001 -> Report_001,funds -> hosts -> speaks_at -> publishes,4 -> 3 -> 3 -> 3,ground-truth -> ground-truth -> ground-truth -> ground-truth,Synthetic record: Funder_001 is listed as providing funding to Intermediary_001 during Phase_01. || Synthetic record: Intermediary_001 is listed as a host of Event_001 during Phase_01. || Synthetic record: a representative of Event_001 is listed as speaking at Proxy_001 during Phase_02. || Synthetic record: Proxy_001 is listed as the publisher of Report_001 during Phase_02.,65.78,60.0,1,1,funding_and_min_grade_2_v1,,1,1,1,0,0,true_positive,"HIGH-PRIORITY REVIEW (raw score 65.78 >= threshold 60.0 and eligible): includes a direct synthetic funding edge (grade 4); weakest hop grade 3, mean grade 3.25; documentary continuity maintained across all hops.",Prioritise for expert review: inspect the underlying synthetic records and confirm each link independently before drawing any inference.
GT_PATH_013,CAND_0082,Funder_013 -> Intermediary_013 -> Event_013 -> Proxy_013 -> Report_013,funds -> hosts -> speaks_at -> publishes,4 -> 3 -> 3 -> 3,ground-truth -> ground-truth -> ground-truth -> ground-truth,Synthetic record: Funder_013 is listed as providing funding to Intermediary_013 during Phase_01. || Synthetic record: Intermediary_013 is listed as a host of Event_013 during Phase_01. || Synthetic record: a representative of Event_013 is listed as speaking at Proxy_013 during Phase_02. || Synthetic record: Proxy_013 is listed as the publisher of Report_013 during Phase_02.,65.78,60.0,1,1,funding_and_min_grade_2_v1,,1,1,1,0,0,true_positive,"HIGH-PRIORITY REVIEW (raw score 65.78 >= threshold 60.0 and eligible): includes a direct synthetic funding edge (grade 4); weakest hop grade 3, mean grade 3.25; documentary continuity maintained across all hops.",Prioritise for expert review: inspect the underlying synthetic records and confirm each link independently before drawing any inference.
GT_PATH_017,CAND_0086,Funder_017 -> Intermediary_017 -> Event_017 -> Proxy_017 -> Report_017,funds -> hosts -> speaks_at -> publishes,4 -> 3 -> 3 -> 3,ground-truth -> ground-truth -> ground-truth -> ground-truth,Synthetic record: Funder_017 is listed as providing funding to Intermediary_017 during Phase_01. || Synthetic record: Intermediary_017 is listed as a host of Event_017 during Phase_01. || Synthetic record: a representative of Event_017 is listed as speaking at Proxy_017 during Phase_02. || Synthetic record: Proxy_017 is listed as the publisher of Report_017 during Phase_02.,65.78,60.0,1,1,funding_and_min_grade_2_v1,,1,1,1,0,0,true_positive,"HIGH-PRIORITY REVIEW (raw score 65.78 >= threshold 60.0 and eligible): includes a direct synthetic funding edge (grade 4); weakest hop grade 3, mean grade 3.25; documentary continuity maintained across all hops.",Prioritise for expert review: inspect the underlying synthetic records and confirm each link independently before drawing any inference.
GT_PATH_009,CAND_0071,Funder_009 -> Intermediary_009 -> Event_009 -> Proxy_009 -> Report_009,funds -> hosts -> speaks_at -> publishes,4 -> 3 -> 3 -> 3,ground-truth -> ground-truth -> ground-truth -> ground-truth,Synthetic record: Funder_009 is listed as providing funding to Intermediary_009 during Phase_01. || Synthetic record: Intermediary_009 is listed as a host of Event_009 during Phase_01. || Synthetic record: a representative of Event_009 is listed as speaking at Proxy_009 during Phase_02. || Synthetic record: Proxy_009 is listed as the publisher of Report_009 during Phase_02.,65.78,60.0,1,1,funding_and_min_grade_2_v1,,1,1,1,0,0,true_positive,"HIGH-PRIORITY REVIEW (raw score 65.78 >= threshold 60.0 and eligible): includes a direct synthetic funding edge (grade 4); weakest hop grade 3, mean grade 3.25; documentary continuity maintained across all hops.",Prioritise for expert review: inspect the underlying synthetic records and confirm each link independently before drawing any inference.
GT_PATH_005,CAND_0047,Funder_005 -> Intermediary_005 -> Event_005 -> Proxy_005 -> Report_005,funds -> hosts -> speaks_at -> publishes,4 -> 3 -> 3 -> 3,ground-truth -> ground-truth -> ground-truth -> ground-truth,Synthetic record: Funder_005 is listed as providing funding to Intermediary_005 during Phase_01. || Synthetic record: Intermediary_005 is listed as a host of Event_005 during Phase_01. || Synthetic record: a representative of Event_005 is listed as speaking at Proxy_005 during Phase_02. || Synthetic record: Proxy_005 is listed as the publisher of Report_005 during Phase_02.,65.78,60.0,1,1,funding_and_min_grade_2_v1,,1,1,1,0,0,true_positive,"HIGH-PRIORITY REVIEW (raw score 65.78 >= threshold 60.0 and eligible): includes a direct synthetic funding edge (grade 4); weakest hop grade 3, mean grade 3.25; documentary continuity maintained across all hops.",Prioritise for expert review: inspect the underlying synthetic records and confirm each link independently before drawing any inference.
GT_PATH_025,CAND_0094,Funder_025 -> Intermediary_025 -> Event_025 -> Proxy_025 -> Report_025,funds -> hosts -> speaks_at -> publishes,4 -> 3 -> 3 -> 3,ground-truth -> ground-truth -> ground-truth -> ground-truth,Synthetic record: Funder_025 is listed as providing funding to Intermediary_025 during Phase_01. || Synthetic record: Intermediary_025 is listed as a host of Event_025 during Phase_01. || Synthetic record: a representative of Event_025 is listed as speaking at Proxy_025 during Phase_02. || Synthetic record: Proxy_025 is listed as the publisher of Report_025 during Phase_02.,65.78,60.0,1,1,funding_and_min_grade_2_v1,,1,1,1,0,0,true_positive,"HIGH-PRIORITY REVIEW (raw score 65.78 >= threshold 60.0 and eligible): includes a direct synthetic funding edge (grade 4); weakest hop grade 3, mean grade 3.25; documentary continuity maintained across all hops.",Prioritise for expert review: inspect the underlying synthetic records and confirm each link independently before drawing any inference.
GT_PATH_021,CAND_0090,Funder_021 -> Intermediary_021 -> Event_021 -> Proxy_021 -> Report_021,funds -> hosts -> speaks_at -> publishes,4 -> 3 -> 3 -> 3,ground-truth -> ground-truth -> ground-truth -> ground-truth,Synthetic record: Funder_021 is listed as providing funding to Intermediary_021 during Phase_01. || Synthetic record: Intermediary_021 is listed as a host of Event_021 during Phase_01. || Synthetic record: a representative of Event_021 is listed as speaking at Proxy_021 during Phase_02. || Synthetic record: Proxy_021 is listed as the publisher of Report_021 during Phase_02.,65.78,60.0,1,1,funding_and_min_grade_2_v1,,1,1,1,0,0,true_positive,"HIGH-PRIORITY REVIEW (raw score 65.78 >= threshold 60.0 and eligible): includes a direct synthetic funding edge (grade 4); weakest hop grade 3, mean grade 3.25; documentary continuity maintained across all hops.",Prioritise for expert review: inspect the underlying synthetic records and confirm each link independently before drawing any inference.
GT_PATH_018,CAND_0087,Funder_018 -> Intermediary_018 -> Proxy_018 -> Campaign_018,funds -> partners_with -> amplifies,4 -> 3 -> 2,ground-truth -> ground-truth -> ground-truth,Synthetic record: Funder_018 is listed as providing funding to Intermediary_018 during Phase_01. || Synthetic record: Intermediary_018 is described as a partner of Proxy_018 during Phase_01. || Synthetic record: Proxy_018 repeatedly amplified output attributed to Campaign_018 during Phase_02.,63.8,60.0,1,1,funding_and_min_grade_2_v1,,1,1,1,0,0,true_positive,"HIGH-PRIORITY REVIEW (raw score 63.80 >= threshold 60.0 and eligible): includes a direct synthetic funding edge (grade 4); weakest hop grade 2, mean grade 3.00; drops to a grade-2 shared-link/amplification hop.",Prioritise for expert review: inspect the underlying synthetic records and confirm each link independently before drawing any inference.
GT_PATH_022,CAND_0091,Funder_022 -> Intermediary_022 -> Proxy_022 -> Campaign_022,funds -> partners_with -> amplifies,4 -> 3 -> 2,ground-truth -> ground-truth -> ground-truth,Synthetic record: Funder_022 is listed as providing funding to Intermediary_022 during Phase_01. || Synthetic record: Intermediary_022 is described as a partner of Proxy_022 during Phase_01. || Synthetic record: Proxy_022 repeatedly amplified output attributed to Campaign_022 during Phase_02.,63.8,60.0,1,1,funding_and_min_grade_2_v1,,1,1,1,0,0,true_positive,"HIGH-PRIORITY REVIEW (raw score 63.80 >= threshold 60.0 and eligible): includes a direct synthetic funding edge (grade 4); weakest hop grade 2, mean grade 3.00; drops to a grade-2 shared-link/amplification hop.",Prioritise for expert review: inspect the underlying synthetic records and confirm each link independently before drawing any inference.
GT_PATH_014,CAND_0083,Funder_014 -> Intermediary_014 -> Proxy_014 -> Campaign_014,funds -> partners_with -> amplifies,4 -> 3 -> 2,ground-truth -> ground-truth -> ground-truth,Synthetic record: Funder_014 is listed as providing funding to Intermediary_014 during Phase_01. || Synthetic record: Intermediary_014 is described as a partner of Proxy_014 during Phase_01. || Synthetic record: Proxy_014 repeatedly amplified output attributed to Campaign_014 during Phase_02.,63.8,60.0,1,1,funding_and_min_grade_2_v1,,1,1,1,0,0,true_positive,"HIGH-PRIORITY REVIEW (raw score 63.80 >= threshold 60.0 and eligible): includes a direct synthetic funding edge (grade 4); weakest hop grade 2, mean grade 3.00; drops to a grade-2 shared-link/amplification hop.",Prioritise for expert review: inspect the underlying synthetic records and confirm each link independently before drawing any inference.
GT_PATH_010,CAND_0077,Funder_010 -> Intermediary_010 -> Proxy_010 -> Campaign_010,funds -> partners_with -> amplifies,4 -> 3 -> 2,ground-truth -> ground-truth -> ground-truth,Synthetic record: Funder_010 is listed as providing funding to Intermediary_010 during Phase_01. || Synthetic record: Intermediary_010 is described as a partner of Proxy_010 during Phase_01. || Synthetic record: Proxy_010 repeatedly amplified output attributed to Campaign_010 during Phase_02.,63.8,60.0,1,1,funding_and_min_grade_2_v1,,1,1,1,0,0,true_positive,"HIGH-PRIORITY REVIEW (raw score 63.80 >= threshold 60.0 and eligible): includes a direct synthetic funding edge (grade 4); weakest hop grade 2, mean grade 3.00; drops to a grade-2 shared-link/amplification hop.",Prioritise for expert review: inspect the underlying synthetic records and confirm each link independently before drawing any inference.
GT_PATH_002,CAND_0024,Funder_002 -> Intermediary_002 -> Proxy_002 -> Campaign_002,funds -> partners_with -> amplifies,4 -> 3 -> 2,ground-truth -> ground-truth -> ground-truth,Synthetic record: Funder_002 is listed as providing funding to Intermediary_002 during Phase_01. || Synthetic record: Intermediary_002 is described as a partner of Proxy_002 during Phase_01. || Synthetic record: Proxy_002 repeatedly amplified output attributed to Campaign_002 during Phase_02.,63.8,60.0,1,1,funding_and_min_grade_2_v1,,1,1,1,0,0,true_positive,"HIGH-PRIORITY REVIEW (raw score 63.80 >= threshold 60.0 and eligible): includes a direct synthetic funding edge (grade 4); weakest hop grade 2, mean grade 3.00; drops to a grade-2 shared-link/amplification hop.",Prioritise for expert review: inspect the underlying synthetic records and confirm each link independently before drawing any inference.
GT_PATH_006,CAND_0056,Funder_006 -> Intermediary_006 -> Proxy_006 -> Campaign_006,funds -> partners_with -> amplifies,4 -> 3 -> 2,ground-truth -> ground-truth -> ground-truth,Synthetic record: Funder_006 is listed as providing funding to Intermediary_006 during Phase_01. || Synthetic record: Intermediary_006 is described as a partner of Proxy_006 during Phase_01. || Synthetic record: Proxy_006 repeatedly amplified output attributed to Campaign_006 during Phase_02.,63.8,60.0,1,1,funding_and_min_grade_2_v1,,1,1,1,0,0,true_positive,"HIGH-PRIORITY REVIEW (raw score 63.80 >= threshold 60.0 and eligible): includes a direct synthetic funding edge (grade 4); weakest hop grade 2, mean grade 3.00; drops to a grade-2 shared-link/amplification hop.",Prioritise for expert review: inspect the underlying synthetic records and confirm each link independently before drawing any inference.
CAND_0010,CAND_0010,Funder_001 -> Intermediary_001 -> Campaign_024,funds -> partners_with,4 -> 3,ground-truth -> distractor,Synthetic record: Funder_001 is listed as providing funding to Intermediary_001 during Phase_01. || Synthetic record: Intermediary_001 is described as a partner of Campaign_024 during Phase_01.,69.45,60.0,1,1,funding_and_min_grade_2_v1,,1,1,0,0,0,false_positive,"HIGH-PRIORITY REVIEW (raw score 69.45 >= threshold 60.0 and eligible): includes a direct synthetic funding edge (grade 4); weakest hop grade 3, mean grade 3.50; documentary continuity maintained across all hops.","Queue for expert review; every hop carries documentary-grade evidence, so this false lead is not separable from a true pathway on grades alone and requires full manual verification of each underlying record."
CAND_0048,CAND_0048,Funder_005 -> Intermediary_005 -> Campaign_EC08,funds -> partners_with,4 -> 3,ground-truth -> distractor,Synthetic record: Funder_005 is listed as providing funding to Intermediary_005 during Phase_01. || Synthetic record: Intermediary_005 is described as a partner of Campaign_EC08 during Phase_01.,69.45,60.0,1,1,funding_and_min_grade_2_v1,,1,1,0,0,0,false_positive,"HIGH-PRIORITY REVIEW (raw score 69.45 >= threshold 60.0 and eligible): includes a direct synthetic funding edge (grade 4); weakest hop grade 3, mean grade 3.50; documentary continuity maintained across all hops.","Queue for expert review; every hop carries documentary-grade evidence, so this false lead is not separable from a true pathway on grades alone and requires full manual verification of each underlying record."
CAND_0076,CAND_0076,Funder_009 -> Intermediary_009 -> Campaign_L003,funds -> partners_with,4 -> 3,ground-truth -> distractor,Synthetic record: Funder_009 is listed as providing funding to Intermediary_009 during Phase_01. || Synthetic record: Intermediary_009 is described as a partner of Campaign_L003 during Phase_01.,69.45,60.0,1,1,funding_and_min_grade_2_v1,,1,1,0,0,0,false_positive,"HIGH-PRIORITY REVIEW (raw score 69.45 >= threshold 60.0 and eligible): includes a direct synthetic funding edge (grade 4); weakest hop grade 3, mean grade 3.50; documentary continuity maintained across all hops.","Queue for expert review; every hop carries documentary-grade evidence, so this false lead is not separable from a true pathway on grades alone and requires full manual verification of each underlying record."
CAND_0029,CAND_0029,Funder_003 -> Intermediary_003 -> Campaign_EC04,funds -> partners_with,4 -> 3,ground-truth -> distractor,Synthetic record: Funder_003 is listed as providing funding to Intermediary_003 during Phase_01. || Synthetic record: Intermediary_003 is described as a partner of Campaign_EC04 during Phase_03.,66.45,60.0,1,1,funding_and_min_grade_2_v1,,1,1,0,0,0,false_positive,"HIGH-PRIORITY REVIEW (raw score 66.45 >= threshold 60.0 and eligible): includes a direct synthetic funding edge (grade 4); weakest hop grade 3, mean grade 3.50; documentary continuity maintained across all hops.","Queue for expert review; every hop carries documentary-grade evidence, so this false lead is not separable from a true pathway on grades alone and requires full manual verification of each underlying record."
CAND_0055,CAND_0055,Funder_006 -> Intermediary_006 -> Campaign_EC10,funds -> partners_with,4 -> 3,ground-truth -> distractor,Synthetic record: Funder_006 is listed as providing funding to Intermediary_006 during Phase_01. || Synthetic record: Intermediary_006 is described as a partner of Campaign_EC10 during Phase_02.,66.45,60.0,1,1,funding_and_min_grade_2_v1,,1,1,0,0,0,false_positive,"HIGH-PRIORITY REVIEW (raw score 66.45 >= threshold 60.0 and eligible): includes a direct synthetic funding edge (grade 4); weakest hop grade 3, mean grade 3.50; documentary continuity maintained across all hops.","Queue for expert review; every hop carries documentary-grade evidence, so this false lead is not separable from a true pathway on grades alone and requires full manual verification of each underlying record."
CAND_0023,CAND_0023,Funder_002 -> Intermediary_002 -> Campaign_EC02,funds -> partners_with,4 -> 3,ground-truth -> distractor,Synthetic record: Funder_002 is listed as providing funding to Intermediary_002 during Phase_01. || Synthetic record: Intermediary_002 is described as a partner of Campaign_EC02 during Phase_02.,66.45,60.0,1,1,funding_and_min_grade_2_v1,,1,1,0,0,0,false_positive,"HIGH-PRIORITY REVIEW (raw score 66.45 >= threshold 60.0 and eligible): includes a direct synthetic funding edge (grade 4); weakest hop grade 3, mean grade 3.50; documentary continuity maintained across all hops.","Queue for expert review; every hop carries documentary-grade evidence, so this false lead is not separable from a true pathway on grades alone and requires full manual verification of each underlying record."
CAND_0059,CAND_0059,Funder_007 -> Intermediary_007 -> Campaign_EC12,funds -> partners_with,4 -> 3,ground-truth -> distractor,Synthetic record: Funder_007 is listed as providing funding to Intermediary_007 during Phase_01. || Synthetic record: Intermediary_007 is described as a partner of Campaign_EC12 during Phase_03.,66.45,60.0,1,1,funding_and_min_grade_2_v1,,1,1,0,0,0,false_positive,"HIGH-PRIORITY REVIEW (raw score 66.45 >= threshold 60.0 and eligible): includes a direct synthetic funding edge (grade 4); weakest hop grade 3, mean grade 3.50; documentary continuity maintained across all hops.","Queue for expert review; every hop carries documentary-grade evidence, so this false lead is not separable from a true pathway on grades alone and requires full manual verification of each underlying record."
CAND_0070,CAND_0070,Funder_008 -> Intermediary_008 -> Campaign_L001,funds -> partners_with,4 -> 3,ground-truth -> distractor,Synthetic record: Funder_008 is listed as providing funding to Intermediary_008 during Phase_01. || Synthetic record: Intermediary_008 is described as a partner of Campaign_L001 during Phase_04.,66.45,60.0,1,1,funding_and_min_grade_2_v1,,1,1,0,0,0,false_positive,"HIGH-PRIORITY REVIEW (raw score 66.45 >= threshold 60.0 and eligible): includes a direct synthetic funding edge (grade 4); weakest hop grade 3, mean grade 3.50; documentary continuity maintained across all hops.","Queue for expert review; every hop carries documentary-grade evidence, so this false lead is not separable from a true pathway on grades alone and requires full manual verification of each underlying record."
CAND_0033,CAND_0033,Funder_004 -> Intermediary_004 -> Campaign_EC06,funds -> partners_with,4 -> 3,ground-truth -> distractor,Synthetic record: Funder_004 is listed as providing funding to Intermediary_004 during Phase_01. || Synthetic record: Intermediary_004 is described as a partner of Campaign_EC06 during Phase_04.,66.45,60.0,1,1,funding_and_min_grade_2_v1,,1,1,0,0,0,false_positive,"HIGH-PRIORITY REVIEW (raw score 66.45 >= threshold 60.0 and eligible): includes a direct synthetic funding edge (grade 4); weakest hop grade 3, mean grade 3.50; documentary continuity maintained across all hops.","Queue for expert review; every hop carries documentary-grade evidence, so this false lead is not separable from a true pathway on grades alone and requires full manual verification of each underlying record."
CAND_0002,CAND_0002,Funder_000 -> Intermediary_000 -> Campaign_022,funds -> partners_with,4 -> 3,ground-truth -> distractor,Synthetic record: Funder_000 is listed as providing funding to Intermediary_000 during Phase_01. || Synthetic record: Intermediary_000 is described as a partner of Campaign_022 during Phase_04.,66.45,60.0,1,1,funding_and_min_grade_2_v1,,1,1,0,0,0,false_positive,"HIGH-PRIORITY REVIEW (raw score 66.45 >= threshold 60.0 and eligible): includes a direct synthetic funding edge (grade 4); weakest hop grade 3, mean grade 3.50; documentary continuity maintained across all hops.","Queue for expert review; every hop carries documentary-grade evidence, so this false lead is not separable from a true pathway on grades alone and requires full manual verification of each underlying record."
CAND_0046,CAND_0046,Funder_005 -> Intermediary_005 -> Campaign_024,funds -> amplifies,4 -> 2,ground-truth -> distractor,Synthetic record: Funder_005 is listed as providing funding to Intermediary_005 during Phase_01. || Synthetic record: Intermediary_005 repeatedly amplified output attributed to Campaign_024 during Phase_01.,64.2,60.0,1,1,funding_and_min_grade_2_v1,,1,1,0,0,0,false_positive,"HIGH-PRIORITY REVIEW (raw score 64.20 >= threshold 60.0 and eligible): includes a direct synthetic funding edge (grade 4); weakest hop grade 2, mean grade 3.00; drops to a grade-2 shared-link/amplification hop.","Queue for expert review as a possible lead only; the weakest hop is low grade (grade 2), so it may be set aside on inspection of that hop."
CAND_0012,CAND_0012,Funder_001 -> Intermediary_001 -> Campaign_016,funds -> amplifies,4 -> 2,ground-truth -> distractor,Synthetic record: Funder_001 is listed as providing funding to Intermediary_001 during Phase_01. || Synthetic record: Intermediary_001 repeatedly amplified output attributed to Campaign_016 during Phase_01.,64.2,60.0,1,1,funding_and_min_grade_2_v1,,1,1,0,0,0,false_positive,"HIGH-PRIORITY REVIEW (raw score 64.20 >= threshold 60.0 and eligible): includes a direct synthetic funding edge (grade 4); weakest hop grade 2, mean grade 3.00; drops to a grade-2 shared-link/amplification hop.","Queue for expert review as a possible lead only; the weakest hop is low grade (grade 2), so it may be set aside on inspection of that hop."
CAND_0027,CAND_0027,Funder_003 -> Intermediary_003 -> Campaign_016,funds -> uses_similar_language,4 -> 2,ground-truth -> distractor,Synthetic record: Funder_003 is listed as providing funding to Intermediary_003 during Phase_01. || Synthetic record: Intermediary_003 used wording closely similar to Campaign_016 during Phase_01.,63.7,60.0,1,1,funding_and_min_grade_2_v1,,1,1,0,0,0,false_positive,"HIGH-PRIORITY REVIEW (raw score 63.70 >= threshold 60.0 and eligible): includes a direct synthetic funding edge (grade 4); weakest hop grade 2, mean grade 3.00; drops to a grade-2 shared-link/amplification hop.","Queue for expert review as a possible lead only; the weakest hop is low grade (grade 2), so it may be set aside on inspection of that hop."
CAND_0061,CAND_0061,Funder_007 -> Intermediary_007 -> Campaign_024,funds -> uses_similar_language,4 -> 2,ground-truth -> distractor,Synthetic record: Funder_007 is listed as providing funding to Intermediary_007 during Phase_01. || Synthetic record: Intermediary_007 used wording closely similar to Campaign_024 during Phase_01.,63.7,60.0,1,1,funding_and_min_grade_2_v1,,1,1,0,0,0,false_positive,"HIGH-PRIORITY REVIEW (raw score 63.70 >= threshold 60.0 and eligible): includes a direct synthetic funding edge (grade 4); weakest hop grade 2, mean grade 3.00; drops to a grade-2 shared-link/amplification hop.","Queue for expert review as a possible lead only; the weakest hop is low grade (grade 2), so it may be set aside on inspection of that hop."
CAND_0075,CAND_0075,Funder_009 -> Intermediary_009 -> Campaign_024,funds -> shares_link,4 -> 2,ground-truth -> distractor,Synthetic record: Funder_009 is listed as providing funding to Intermediary_009 during Phase_01. || Synthetic record: Intermediary_009 and Campaign_024 shared the same abstract link during Phase_01.,61.7,60.0,1,1,funding_and_min_grade_2_v1,,1,1,0,0,0,false_positive,"HIGH-PRIORITY REVIEW (raw score 61.70 >= threshold 60.0 and eligible): includes a direct synthetic funding edge (grade 4); weakest hop grade 2, mean grade 3.00; drops to a grade-2 shared-link/amplification hop.","Queue for expert review as a possible lead only; the weakest hop is low grade (grade 2), so it may be set aside on inspection of that hop."
CAND_0044,CAND_0044,Funder_005 -> Intermediary_005 -> Campaign_016,funds -> shares_link,4 -> 2,ground-truth -> distractor,Synthetic record: Funder_005 is listed as providing funding to Intermediary_005 during Phase_01. || Synthetic record: Intermediary_005 and Campaign_016 shared the same abstract link during Phase_01.,61.7,60.0,1,1,funding_and_min_grade_2_v1,,1,1,0,0,0,false_positive,"HIGH-PRIORITY REVIEW (raw score 61.70 >= threshold 60.0 and eligible): includes a direct synthetic funding edge (grade 4); weakest hop grade 2, mean grade 3.00; drops to a grade-2 shared-link/amplification hop.","Queue for expert review as a possible lead only; the weakest hop is low grade (grade 2), so it may be set aside on inspection of that hop."
CAND_0015,CAND_0015,Funder_001 -> Intermediary_001 -> Campaign_008,funds -> shares_link,4 -> 2,ground-truth -> distractor,Synthetic record: Funder_001 is listed as providing funding to Intermediary_001 during Phase_01. || Synthetic record: Intermediary_001 and Campaign_008 shared the same abstract link during Phase_01.,61.7,60.0,1,1,funding_and_min_grade_2_v1,,1,1,0,0,0,false_positive,"HIGH-PRIORITY REVIEW (raw score 61.70 >= threshold 60.0 and eligible): includes a direct synthetic funding edge (grade 4); weakest hop grade 2, mean grade 3.00; drops to a grade-2 shared-link/amplification hop.","Queue for expert review as a possible lead only; the weakest hop is low grade (grade 2), so it may be set aside on inspection of that hop."
CAND_0106,CAND_0106,Funder_L011 -> Intermediary_L011 -> Proxy_L011 -> Campaign_L011,funds -> partners_with -> shares_link,4 -> 3 -> 2,distractor -> distractor -> distractor,Synthetic record: Funder_L011 is listed as providing funding to Intermediary_L011 during Phase_01. || Synthetic record: Intermediary_L011 is described as a partner of Proxy_L011 during Phase_01. || Synthetic record: Proxy_L011 and Campaign_L011 shared the same abstract link during Phase_02.,61.3,60.0,1,1,funding_and_min_grade_2_v1,,1,1,0,0,0,false_positive,"HIGH-PRIORITY REVIEW (raw score 61.30 >= threshold 60.0 and eligible): includes a direct synthetic funding edge (grade 4); weakest hop grade 2, mean grade 3.00; drops to a grade-2 shared-link/amplification hop.","Queue for expert review as a possible lead only; the weakest hop is low grade (grade 2), so it may be set aside on inspection of that hop."
CAND_0108,CAND_0108,Funder_L013 -> Intermediary_L013 -> Proxy_L013 -> Campaign_L013,funds -> partners_with -> shares_link,4 -> 3 -> 2,distractor -> distractor -> distractor,Synthetic record: Funder_L013 is listed as providing funding to Intermediary_L013 during Phase_01. || Synthetic record: Intermediary_L013 is described as a partner of Proxy_L013 during Phase_01. || Synthetic record: Proxy_L013 and Campaign_L013 shared the same abstract link during Phase_02.,61.3,60.0,1,1,funding_and_min_grade_2_v1,,1,1,0,0,0,false_positive,"HIGH-PRIORITY REVIEW (raw score 61.30 >= threshold 60.0 and eligible): includes a direct synthetic funding edge (grade 4); weakest hop grade 2, mean grade 3.00; drops to a grade-2 shared-link/amplification hop.","Queue for expert review as a possible lead only; the weakest hop is low grade (grade 2), so it may be set aside on inspection of that hop."
CAND_0057,CAND_0057,Funder_007 -> Intermediary_007 -> Proxy_010 -> Campaign_010,funds -> shares_link -> amplifies,4 -> 2 -> 2,ground-truth -> distractor -> ground-truth,Synthetic record: Funder_007 is listed as providing funding to Intermediary_007 during Phase_01. || Synthetic record: Intermediary_007 and Proxy_010 shared the same abstract link during Phase_02. || Synthetic record: Proxy_010 repeatedly amplified output attributed to Campaign_010 during Phase_02.,61.3,60.0,1,1,funding_and_min_grade_2_v1,,1,1,0,0,0,false_positive,"HIGH-PRIORITY REVIEW (raw score 61.30 >= threshold 60.0 and eligible): includes a direct synthetic funding edge (grade 4); weakest hop grade 2, mean grade 2.67; drops to a grade-2 shared-link/amplification hop.","Queue for expert review as a possible lead only; the weakest hop is low grade (grade 2), so it may be set aside on inspection of that hop."
CAND_0096,CAND_0096,Funder_L001 -> Intermediary_L001 -> Proxy_L001 -> Campaign_L001,funds -> partners_with -> shares_link,4 -> 3 -> 2,distractor -> distractor -> distractor,Synthetic record: Funder_L001 is listed as providing funding to Intermediary_L001 during Phase_01. || Synthetic record: Intermediary_L001 is described as a partner of Proxy_L001 during Phase_01. || Synthetic record: Proxy_L001 and Campaign_L001 shared the same abstract link during Phase_02.,61.3,60.0,1,1,funding_and_min_grade_2_v1,,1,1,0,0,0,false_positive,"HIGH-PRIORITY REVIEW (raw score 61.30 >= threshold 60.0 and eligible): includes a direct synthetic funding edge (grade 4); weakest hop grade 2, mean grade 3.00; drops to a grade-2 shared-link/amplification hop.","Queue for expert review as a possible lead only; the weakest hop is low grade (grade 2), so it may be set aside on inspection of that hop."
CAND_0098,CAND_0098,Funder_L003 -> Intermediary_L003 -> Proxy_L003 -> Campaign_L003,funds -> partners_with -> shares_link,4 -> 3 -> 2,distractor -> distractor -> distractor,Synthetic record: Funder_L003 is listed as providing funding to Intermediary_L003 during Phase_01. || Synthetic record: Intermediary_L003 is described as a partner of Proxy_L003 during Phase_01. || Synthetic record: Proxy_L003 and Campaign_L003 shared the same abstract link during Phase_02.,61.3,60.0,1,1,funding_and_min_grade_2_v1,,1,1,0,0,0,false_positive,"HIGH-PRIORITY REVIEW (raw score 61.30 >= threshold 60.0 and eligible): includes a direct synthetic funding edge (grade 4); weakest hop grade 2, mean grade 3.00; drops to a grade-2 shared-link/amplification hop.","Queue for expert review as a possible lead only; the weakest hop is low grade (grade 2), so it may be set aside on inspection of that hop."
CAND_0104,CAND_0104,Funder_L009 -> Intermediary_L009 -> Proxy_L009 -> Campaign_L009,funds -> partners_with -> shares_link,4 -> 3 -> 2,distractor -> distractor -> distractor,Synthetic record: Funder_L009 is listed as providing funding to Intermediary_L009 during Phase_01. || Synthetic record: Intermediary_L009 is described as a partner of Proxy_L009 during Phase_01. || Synthetic record: Proxy_L009 and Campaign_L009 shared the same abstract link during Phase_02.,61.3,60.0,1,1,funding_and_min_grade_2_v1,,1,1,0,0,0,false_positive,"HIGH-PRIORITY REVIEW (raw score 61.30 >= threshold 60.0 and eligible): includes a direct synthetic funding edge (grade 4); weakest hop grade 2, mean grade 3.00; drops to a grade-2 shared-link/amplification hop.","Queue for expert review as a possible lead only; the weakest hop is low grade (grade 2), so it may be set aside on inspection of that hop."
CAND_0100,CAND_0100,Funder_L005 -> Intermediary_L005 -> Proxy_L005 -> Campaign_L005,funds -> partners_with -> shares_link,4 -> 3 -> 2,distractor -> distractor -> distractor,Synthetic record: Funder_L005 is listed as providing funding to Intermediary_L005 during Phase_01. || Synthetic record: Intermediary_L005 is described as a partner of Proxy_L005 during Phase_01. || Synthetic record: Proxy_L005 and Campaign_L005 shared the same abstract link during Phase_02.,61.3,60.0,1,1,funding_and_min_grade_2_v1,,1,1,0,0,0,false_positive,"HIGH-PRIORITY REVIEW (raw score 61.30 >= threshold 60.0 and eligible): includes a direct synthetic funding edge (grade 4); weakest hop grade 2, mean grade 3.00; drops to a grade-2 shared-link/amplification hop.","Queue for expert review as a possible lead only; the weakest hop is low grade (grade 2), so it may be set aside on inspection of that hop."
CAND_0102,CAND_0102,Funder_L007 -> Intermediary_L007 -> Proxy_L007 -> Campaign_L007,funds -> partners_with -> shares_link,4 -> 3 -> 2,distractor -> distractor -> distractor,Synthetic record: Funder_L007 is listed as providing funding to Intermediary_L007 during Phase_01. || Synthetic record: Intermediary_L007 is described as a partner of Proxy_L007 during Phase_01. || Synthetic record: Proxy_L007 and Campaign_L007 shared the same abstract link during Phase_02.,61.3,60.0,1,1,funding_and_min_grade_2_v1,,1,1,0,0,0,false_positive,"HIGH-PRIORITY REVIEW (raw score 61.30 >= threshold 60.0 and eligible): includes a direct synthetic funding edge (grade 4); weakest hop grade 2, mean grade 3.00; drops to a grade-2 shared-link/amplification hop.","Queue for expert review as a possible lead only; the weakest hop is low grade (grade 2), so it may be set aside on inspection of that hop."
CAND_0019,CAND_0019,Funder_002 -> Intermediary_002 -> Proxy_004 -> Campaign_004,funds -> shares_link -> hosts,4 -> 2 -> 3,ground-truth -> distractor -> ground-truth,Synthetic record: Funder_002 is listed as providing funding to Intermediary_002 during Phase_01. || Synthetic record: Intermediary_002 and Proxy_004 shared the same abstract link during Phase_01. || Synthetic record: Proxy_004 is listed as a host of Campaign_004 during Phase_02.,61.3,60.0,1,1,funding_and_min_grade_2_v1,,1,1,0,0,0,false_positive,"HIGH-PRIORITY REVIEW (raw score 61.30 >= threshold 60.0 and eligible): includes a direct synthetic funding edge (grade 4); weakest hop grade 2, mean grade 3.00; drops to a grade-2 shared-link/amplification hop.","Queue for expert review as a possible lead only; the weakest hop is low grade (grade 2), so it may be set aside on inspection of that hop."
CAND_0050,CAND_0050,Funder_006 -> Intermediary_006 -> Proxy_009 -> Report_009,funds -> shares_link -> publishes,4 -> 2 -> 3,ground-truth -> distractor -> ground-truth,Synthetic record: Funder_006 is listed as providing funding to Intermediary_006 during Phase_01. || Synthetic record: Intermediary_006 and Proxy_009 shared the same abstract link during Phase_01. || Synthetic record: Proxy_009 is listed as the publisher of Report_009 during Phase_02.,61.3,60.0,1,1,funding_and_min_grade_2_v1,,1,1,0,0,0,false_positive,"HIGH-PRIORITY REVIEW (raw score 61.30 >= threshold 60.0 and eligible): includes a direct synthetic funding edge (grade 4); weakest hop grade 2, mean grade 3.00; drops to a grade-2 shared-link/amplification hop.","Queue for expert review as a possible lead only; the weakest hop is low grade (grade 2), so it may be set aside on inspection of that hop."
CAND_0032,CAND_0032,Funder_003 -> Intermediary_003 -> Proxy_005 -> Report_005,funds -> shares_link -> publishes,4 -> 2 -> 3,ground-truth -> distractor -> ground-truth,Synthetic record: Funder_003 is listed as providing funding to Intermediary_003 during Phase_01. || Synthetic record: Intermediary_003 and Proxy_005 shared the same abstract link during Phase_02. || Synthetic record: Proxy_005 is listed as the publisher of Report_005 during Phase_02.,61.3,60.0,1,1,funding_and_min_grade_2_v1,,1,1,0,0,0,false_positive,"HIGH-PRIORITY REVIEW (raw score 61.30 >= threshold 60.0 and eligible): includes a direct synthetic funding edge (grade 4); weakest hop grade 2, mean grade 3.00; drops to a grade-2 shared-link/amplification hop.","Queue for expert review as a possible lead only; the weakest hop is low grade (grade 2), so it may be set aside on inspection of that hop."
CAND_0110,CAND_0110,Funder_L015 -> Intermediary_L015 -> Proxy_L015 -> Campaign_L015,funds -> partners_with -> shares_link,4 -> 3 -> 2,distractor -> distractor -> distractor,Synthetic record: Funder_L015 is listed as providing funding to Intermediary_L015 during Phase_01. || Synthetic record: Intermediary_L015 is described as a partner of Proxy_L015 during Phase_01. || Synthetic record: Proxy_L015 and Campaign_L015 shared the same abstract link during Phase_02.,61.3,60.0,1,1,funding_and_min_grade_2_v1,,1,1,0,0,0,false_positive,"HIGH-PRIORITY REVIEW (raw score 61.30 >= threshold 60.0 and eligible): includes a direct synthetic funding edge (grade 4); weakest hop grade 2, mean grade 3.00; drops to a grade-2 shared-link/amplification hop.","Queue for expert review as a possible lead only; the weakest hop is low grade (grade 2), so it may be set aside on inspection of that hop."
CAND_0018,CAND_0018,Funder_002 -> Intermediary_002 -> Campaign_018,funds -> amplifies,4 -> 2,ground-truth -> distractor,Synthetic record: Funder_002 is listed as providing funding to Intermediary_002 during Phase_01. || Synthetic record: Intermediary_002 repeatedly amplified output attributed to Campaign_018 during Phase_02.,61.2,60.0,1,1,funding_and_min_grade_2_v1,,1,1,0,0,0,false_positive,"HIGH-PRIORITY REVIEW (raw score 61.20 >= threshold 60.0 and eligible): includes a direct synthetic funding edge (grade 4); weakest hop grade 2, mean grade 3.00; drops to a grade-2 shared-link/amplification hop.","Queue for expert review as a possible lead only; the weakest hop is low grade (grade 2), so it may be set aside on inspection of that hop."
CAND_0008,CAND_0008,Funder_000 -> Intermediary_000 -> Campaign_014,funds -> amplifies,4 -> 2,ground-truth -> distractor,Synthetic record: Funder_000 is listed as providing funding to Intermediary_000 during Phase_01. || Synthetic record: Intermediary_000 repeatedly amplified output attributed to Campaign_014 during Phase_04.,61.2,60.0,1,1,funding_and_min_grade_2_v1,,1,1,0,0,0,false_positive,"HIGH-PRIORITY REVIEW (raw score 61.20 >= threshold 60.0 and eligible): includes a direct synthetic funding edge (grade 4); weakest hop grade 2, mean grade 3.00; drops to a grade-2 shared-link/amplification hop.","Queue for expert review as a possible lead only; the weakest hop is low grade (grade 2), so it may be set aside on inspection of that hop."
CAND_0060,CAND_0060,Funder_007 -> Intermediary_007 -> Campaign_EC04,funds -> amplifies,4 -> 2,ground-truth -> distractor,Synthetic record: Funder_007 is listed as providing funding to Intermediary_007 during Phase_01. || Synthetic record: Intermediary_007 repeatedly amplified output attributed to Campaign_EC04 during Phase_03.,61.2,60.0,1,1,funding_and_min_grade_2_v1,,1,1,0,0,0,false_positive,"HIGH-PRIORITY REVIEW (raw score 61.20 >= threshold 60.0 and eligible): includes a direct synthetic funding edge (grade 4); weakest hop grade 2, mean grade 3.00; drops to a grade-2 shared-link/amplification hop.","Queue for expert review as a possible lead only; the weakest hop is low grade (grade 2), so it may be set aside on inspection of that hop."
CAND_0049,CAND_0049,Funder_006 -> Intermediary_006 -> Campaign_EC02,funds -> amplifies,4 -> 2,ground-truth -> distractor,Synthetic record: Funder_006 is listed as providing funding to Intermediary_006 during Phase_01. || Synthetic record: Intermediary_006 repeatedly amplified output attributed to Campaign_EC02 during Phase_02.,61.2,60.0,1,1,funding_and_min_grade_2_v1,,1,1,0,0,0,false_positive,"HIGH-PRIORITY REVIEW (raw score 61.20 >= threshold 60.0 and eligible): includes a direct synthetic funding edge (grade 4); weakest hop grade 2, mean grade 3.00; drops to a grade-2 shared-link/amplification hop.","Queue for expert review as a possible lead only; the weakest hop is low grade (grade 2), so it may be set aside on inspection of that hop."
CAND_0025,CAND_0025,Funder_003 -> Intermediary_003 -> Campaign_020,funds -> amplifies,4 -> 2,ground-truth -> distractor,Synthetic record: Funder_003 is listed as providing funding to Intermediary_003 during Phase_01. || Synthetic record: Intermediary_003 repeatedly amplified output attributed to Campaign_020 during Phase_03.,61.2,60.0,1,1,funding_and_min_grade_2_v1,,1,1,0,0,0,false_positive,"HIGH-PRIORITY REVIEW (raw score 61.20 >= threshold 60.0 and eligible): includes a direct synthetic funding edge (grade 4); weakest hop grade 2, mean grade 3.00; drops to a grade-2 shared-link/amplification hop.","Queue for expert review as a possible lead only; the weakest hop is low grade (grade 2), so it may be set aside on inspection of that hop."
CAND_0039,CAND_0039,Funder_004 -> Intermediary_004 -> Campaign_022,funds -> amplifies,4 -> 2,ground-truth -> distractor,Synthetic record: Funder_004 is listed as providing funding to Intermediary_004 during Phase_01. || Synthetic record: Intermediary_004 repeatedly amplified output attributed to Campaign_022 during Phase_04.,61.2,60.0,1,1,funding_and_min_grade_2_v1,,1,1,0,0,0,false_positive,"HIGH-PRIORITY REVIEW (raw score 61.20 >= threshold 60.0 and eligible): includes a direct synthetic funding edge (grade 4); weakest hop grade 2, mean grade 3.00; drops to a grade-2 shared-link/amplification hop.","Queue for expert review as a possible lead only; the weakest hop is low grade (grade 2), so it may be set aside on inspection of that hop."
CAND_0054,CAND_0054,Funder_006 -> Intermediary_006 -> Campaign_022,funds -> uses_similar_language,4 -> 2,ground-truth -> distractor,Synthetic record: Funder_006 is listed as providing funding to Intermediary_006 during Phase_01. || Synthetic record: Intermediary_006 used wording closely similar to Campaign_022 during Phase_04.,60.7,60.0,1,1,funding_and_min_grade_2_v1,,1,1,0,0,0,false_positive,"HIGH-PRIORITY REVIEW (raw score 60.70 >= threshold 60.0 and eligible): includes a direct synthetic funding edge (grade 4); weakest hop grade 2, mean grade 3.00; drops to a grade-2 shared-link/amplification hop.","Queue for expert review as a possible lead only; the weakest hop is low grade (grade 2), so it may be set aside on inspection of that hop."
CAND_0043,CAND_0043,Funder_005 -> Intermediary_005 -> Campaign_020,funds -> uses_similar_language,4 -> 2,ground-truth -> distractor,Synthetic record: Funder_005 is listed as providing funding to Intermediary_005 during Phase_01. || Synthetic record: Intermediary_005 used wording closely similar to Campaign_020 during Phase_03.,60.7,60.0,1,1,funding_and_min_grade_2_v1,,1,1,0,0,0,false_positive,"HIGH-PRIORITY REVIEW (raw score 60.70 >= threshold 60.0 and eligible): includes a direct synthetic funding edge (grade 4); weakest hop grade 2, mean grade 3.00; drops to a grade-2 shared-link/amplification hop.","Queue for expert review as a possible lead only; the weakest hop is low grade (grade 2), so it may be set aside on inspection of that hop."
CAND_0022,CAND_0022,Funder_002 -> Intermediary_002 -> Campaign_014,funds -> uses_similar_language,4 -> 2,ground-truth -> distractor,Synthetic record: Funder_002 is listed as providing funding to Intermediary_002 during Phase_01. || Synthetic record: Intermediary_002 used wording closely similar to Campaign_014 during Phase_04.,60.7,60.0,1,1,funding_and_min_grade_2_v1,,1,1,0,0,0,false_positive,"HIGH-PRIORITY REVIEW (raw score 60.70 >= threshold 60.0 and eligible): includes a direct synthetic funding edge (grade 4); weakest hop grade 2, mean grade 3.00; drops to a grade-2 shared-link/amplification hop.","Queue for expert review as a possible lead only; the weakest hop is low grade (grade 2), so it may be set aside on inspection of that hop."
CAND_0003,CAND_0003,Funder_000 -> Intermediary_000 -> Campaign_010,funds -> uses_similar_language,4 -> 2,ground-truth -> distractor,Synthetic record: Funder_000 is listed as providing funding to Intermediary_000 during Phase_01. || Synthetic record: Intermediary_000 used wording closely similar to Campaign_010 during Phase_02.,60.7,60.0,1,1,funding_and_min_grade_2_v1,,1,1,0,0,0,false_positive,"HIGH-PRIORITY REVIEW (raw score 60.70 >= threshold 60.0 and eligible): includes a direct synthetic funding edge (grade 4); weakest hop grade 2, mean grade 3.00; drops to a grade-2 shared-link/amplification hop.","Queue for expert review as a possible lead only; the weakest hop is low grade (grade 2), so it may be set aside on inspection of that hop."
CAND_0034,CAND_0034,Funder_004 -> Intermediary_004 -> Campaign_018,funds -> uses_similar_language,4 -> 2,ground-truth -> distractor,Synthetic record: Funder_004 is listed as providing funding to Intermediary_004 during Phase_01. || Synthetic record: Intermediary_004 used wording closely similar to Campaign_018 during Phase_02.,60.7,60.0,1,1,funding_and_min_grade_2_v1,,1,1,0,0,0,false_positive,"HIGH-PRIORITY REVIEW (raw score 60.70 >= threshold 60.0 and eligible): includes a direct synthetic funding edge (grade 4); weakest hop grade 2, mean grade 3.00; drops to a grade-2 shared-link/amplification hop.","Queue for expert review as a possible lead only; the weakest hop is low grade (grade 2), so it may be set aside on inspection of that hop."
CAND_0009,CAND_0009,Funder_001 -> Intermediary_001 -> Campaign_012,funds -> uses_similar_language,4 -> 2,ground-truth -> distractor,Synthetic record: Funder_001 is listed as providing funding to Intermediary_001 during Phase_01. || Synthetic record: Intermediary_001 used wording closely similar to Campaign_012 during Phase_03.,60.7,60.0,1,1,funding_and_min_grade_2_v1,,1,1,0,0,0,false_positive,"HIGH-PRIORITY REVIEW (raw score 60.70 >= threshold 60.0 and eligible): includes a direct synthetic funding edge (grade 4); weakest hop grade 2, mean grade 3.00; drops to a grade-2 shared-link/amplification hop.","Queue for expert review as a possible lead only; the weakest hop is low grade (grade 2), so it may be set aside on inspection of that hop."
CAND_0072,CAND_0072,Funder_009 -> Intermediary_009 -> Proxy_013 -> Report_013,funds -> shares_link -> publishes,4 -> 2 -> 3,ground-truth -> distractor -> ground-truth,Synthetic record: Funder_009 is listed as providing funding to Intermediary_009 during Phase_01. || Synthetic record: Intermediary_009 and Proxy_013 shared the same abstract link during Phase_04. || Synthetic record: Proxy_013 is listed as the publisher of Report_013 during Phase_02.,59.3,60.0,0,1,funding_and_min_grade_2_v1,,0,0,0,0,0,true_negative,"not high priority: raw score 59.30 is below threshold 60.0: includes a direct synthetic funding edge (grade 4); weakest hop grade 2, mean grade 3.00; drops to a grade-2 shared-link/amplification hop.",No review action required; retain in the audit log for completeness.
CAND_0045,CAND_0045,Funder_005 -> Intermediary_005 -> Proxy_008 -> Campaign_008,funds -> shares_link -> hosts,4 -> 2 -> 3,ground-truth -> distractor -> ground-truth,Synthetic record: Funder_005 is listed as providing funding to Intermediary_005 during Phase_01. || Synthetic record: Intermediary_005 and Proxy_008 shared the same abstract link during Phase_04. || Synthetic record: Proxy_008 is listed as a host of Campaign_008 during Phase_02.,59.3,60.0,0,1,funding_and_min_grade_2_v1,,0,0,0,0,0,true_negative,"not high priority: raw score 59.30 is below threshold 60.0: includes a direct synthetic funding edge (grade 4); weakest hop grade 2, mean grade 3.00; drops to a grade-2 shared-link/amplification hop.",No review action required; retain in the audit log for completeness.
CAND_0005,CAND_0005,Funder_000 -> Intermediary_000 -> Proxy_001 -> Report_001,funds -> shares_link -> publishes,4 -> 2 -> 3,ground-truth -> distractor -> ground-truth,Synthetic record: Funder_000 is listed as providing funding to Intermediary_000 during Phase_01. || Synthetic record: Intermediary_000 and Proxy_001 shared the same abstract link during Phase_03. || Synthetic record: Proxy_001 is listed as the publisher of Report_001 during Phase_02.,59.3,60.0,0,1,funding_and_min_grade_2_v1,,0,0,0,0,0,true_negative,"not high priority: raw score 59.30 is below threshold 60.0: includes a direct synthetic funding edge (grade 4); weakest hop grade 2, mean grade 3.00; drops to a grade-2 shared-link/amplification hop.",No review action required; retain in the audit log for completeness.
CAND_0014,CAND_0014,Funder_001 -> Intermediary_001 -> Proxy_002 -> Campaign_002,funds -> shares_link -> amplifies,4 -> 2 -> 2,ground-truth -> distractor -> ground-truth,Synthetic record: Funder_001 is listed as providing funding to Intermediary_001 during Phase_01. || Synthetic record: Intermediary_001 and Proxy_002 shared the same abstract link during Phase_04. || Synthetic record: Proxy_002 repeatedly amplified output attributed to Campaign_002 during Phase_02.,59.3,60.0,0,1,funding_and_min_grade_2_v1,,0,0,0,0,0,true_negative,"not high priority: raw score 59.30 is below threshold 60.0: includes a direct synthetic funding edge (grade 4); weakest hop grade 2, mean grade 2.67; drops to a grade-2 shared-link/amplification hop.",No review action required; retain in the audit log for completeness.
CAND_0066,CAND_0066,Funder_008 -> Intermediary_008 -> Proxy_012 -> Campaign_012,funds -> shares_link -> hosts,4 -> 2 -> 3,ground-truth -> distractor -> ground-truth,Synthetic record: Funder_008 is listed as providing funding to Intermediary_008 during Phase_01. || Synthetic record: Intermediary_008 and Proxy_012 shared the same abstract link during Phase_03. || Synthetic record: Proxy_012 is listed as a host of Campaign_012 during Phase_02.,59.3,60.0,0,1,funding_and_min_grade_2_v1,,0,0,0,0,0,true_negative,"not high priority: raw score 59.30 is below threshold 60.0: includes a direct synthetic funding edge (grade 4); weakest hop grade 2, mean grade 3.00; drops to a grade-2 shared-link/amplification hop.",No review action required; retain in the audit log for completeness.
CAND_0037,CAND_0037,Funder_004 -> Intermediary_004 -> Proxy_006 -> Campaign_006,funds -> shares_link -> amplifies,4 -> 2 -> 2,ground-truth -> distractor -> ground-truth,Synthetic record: Funder_004 is listed as providing funding to Intermediary_004 during Phase_01. || Synthetic record: Intermediary_004 and Proxy_006 shared the same abstract link during Phase_03. || Synthetic record: Proxy_006 repeatedly amplified output attributed to Campaign_006 during Phase_02.,59.3,60.0,0,1,funding_and_min_grade_2_v1,,0,0,0,0,0,true_negative,"not high priority: raw score 59.30 is below threshold 60.0: includes a direct synthetic funding edge (grade 4); weakest hop grade 2, mean grade 2.67; drops to a grade-2 shared-link/amplification hop.",No review action required; retain in the audit log for completeness.
CAND_0006,CAND_0006,Funder_000 -> Intermediary_000 -> Campaign_006,funds -> shares_link,4 -> 2,ground-truth -> distractor,Synthetic record: Funder_000 is listed as providing funding to Intermediary_000 during Phase_01. || Synthetic record: Intermediary_000 and Campaign_006 shared the same abstract link during Phase_04.,58.7,60.0,0,1,funding_and_min_grade_2_v1,,0,0,0,0,0,true_negative,"not high priority: raw score 58.70 is below threshold 60.0: includes a direct synthetic funding edge (grade 4); weakest hop grade 2, mean grade 3.00; drops to a grade-2 shared-link/amplification hop.",No review action required; retain in the audit log for completeness.
CAND_0031,CAND_0031,Funder_003 -> Intermediary_003 -> Campaign_012,funds -> shares_link,4 -> 2,ground-truth -> distractor,Synthetic record: Funder_003 is listed as providing funding to Intermediary_003 during Phase_01. || Synthetic record: Intermediary_003 and Campaign_012 shared the same abstract link during Phase_03.,58.7,60.0,0,1,funding_and_min_grade_2_v1,,0,0,0,0,0,true_negative,"not high priority: raw score 58.70 is below threshold 60.0: includes a direct synthetic funding edge (grade 4); weakest hop grade 2, mean grade 3.00; drops to a grade-2 shared-link/amplification hop.",No review action required; retain in the audit log for completeness.
CAND_0017,CAND_0017,Funder_002 -> Intermediary_002 -> Campaign_010,funds -> shares_link,4 -> 2,ground-truth -> distractor,Synthetic record: Funder_002 is listed as providing funding to Intermediary_002 during Phase_01. || Synthetic record: Intermediary_002 and Campaign_010 shared the same abstract link during Phase_02.,58.7,60.0,0,1,funding_and_min_grade_2_v1,,0,0,0,0,0,true_negative,"not high priority: raw score 58.70 is below threshold 60.0: includes a direct synthetic funding edge (grade 4); weakest hop grade 2, mean grade 3.00; drops to a grade-2 shared-link/amplification hop.",No review action required; retain in the audit log for completeness.
CAND_0062,CAND_0062,Funder_007 -> Intermediary_007 -> Campaign_020,funds -> shares_link,4 -> 2,ground-truth -> distractor,Synthetic record: Funder_007 is listed as providing funding to Intermediary_007 during Phase_01. || Synthetic record: Intermediary_007 and Campaign_020 shared the same abstract link during Phase_03.,58.7,60.0,0,1,funding_and_min_grade_2_v1,,0,0,0,0,0,true_negative,"not high priority: raw score 58.70 is below threshold 60.0: includes a direct synthetic funding edge (grade 4); weakest hop grade 2, mean grade 3.00; drops to a grade-2 shared-link/amplification hop.",No review action required; retain in the audit log for completeness.
CAND_0067,CAND_0067,Funder_008 -> Intermediary_008 -> Campaign_022,funds -> shares_link,4 -> 2,ground-truth -> distractor,Synthetic record: Funder_008 is listed as providing funding to Intermediary_008 during Phase_01. || Synthetic record: Intermediary_008 and Campaign_022 shared the same abstract link during Phase_04.,58.7,60.0,0,1,funding_and_min_grade_2_v1,,0,0,0,0,0,true_negative,"not high priority: raw score 58.70 is below threshold 60.0: includes a direct synthetic funding edge (grade 4); weakest hop grade 2, mean grade 3.00; drops to a grade-2 shared-link/amplification hop.",No review action required; retain in the audit log for completeness.
CAND_0051,CAND_0051,Funder_006 -> Intermediary_006 -> Campaign_018,funds -> shares_link,4 -> 2,ground-truth -> distractor,Synthetic record: Funder_006 is listed as providing funding to Intermediary_006 during Phase_01. || Synthetic record: Intermediary_006 and Campaign_018 shared the same abstract link during Phase_02.,58.7,60.0,0,1,funding_and_min_grade_2_v1,,0,0,0,0,0,true_negative,"not high priority: raw score 58.70 is below threshold 60.0: includes a direct synthetic funding edge (grade 4); weakest hop grade 2, mean grade 3.00; drops to a grade-2 shared-link/amplification hop.",No review action required; retain in the audit log for completeness.
CAND_0038,CAND_0038,Funder_004 -> Intermediary_004 -> Campaign_014,funds -> shares_link,4 -> 2,ground-truth -> distractor,Synthetic record: Funder_004 is listed as providing funding to Intermediary_004 during Phase_01. || Synthetic record: Intermediary_004 and Campaign_014 shared the same abstract link during Phase_04.,58.7,60.0,0,1,funding_and_min_grade_2_v1,,0,0,0,0,0,true_negative,"not high priority: raw score 58.70 is below threshold 60.0: includes a direct synthetic funding edge (grade 4); weakest hop grade 2, mean grade 3.00; drops to a grade-2 shared-link/amplification hop.",No review action required; retain in the audit log for completeness.
CAND_0064,CAND_0064,Funder_007 -> Intermediary_007 -> Campaign_016,funds -> co_occurs_with,4 -> 1,ground-truth -> distractor,Synthetic record: Funder_007 is listed as providing funding to Intermediary_007 during Phase_01. || Synthetic record: Intermediary_007 and Campaign_016 co-occurred in one abstract index during Phase_01.,53.95,60.0,0,0,funding_and_min_grade_2_v1,minimum_evidence_grade_below_2,0,0,0,0,0,true_negative,"not high priority: raw score 53.95 is below threshold 60.0: includes a direct synthetic funding edge (grade 4); weakest hop grade 1, mean grade 2.50; drops to a grade-0/1 hop and is ineligible for high-priority review.",No review action required; retain in the audit log for completeness.
CAND_0028,CAND_0028,Funder_003 -> Intermediary_003 -> Campaign_008,funds -> co_occurs_with,4 -> 1,ground-truth -> distractor,Synthetic record: Funder_003 is listed as providing funding to Intermediary_003 during Phase_01. || Synthetic record: Intermediary_003 and Campaign_008 co-occurred in one abstract index during Phase_01.,53.95,60.0,0,0,funding_and_min_grade_2_v1,minimum_evidence_grade_below_2,0,0,0,0,0,true_negative,"not high priority: raw score 53.95 is below threshold 60.0: includes a direct synthetic funding edge (grade 4); weakest hop grade 1, mean grade 2.50; drops to a grade-0/1 hop and is ineligible for high-priority review.",No review action required; retain in the audit log for completeness.
CAND_0079,CAND_0079,Funder_011 -> Intermediary_011 -> EmbeddedControl_12 -> Campaign_EC12,funds -> co_occurs_with -> shares_link,4 -> 1 -> 2,ground-truth -> negative-control -> negative-control,Synthetic record: Funder_011 is listed as providing funding to Intermediary_011 during Phase_01. || Synthetic record: Intermediary_011 and EmbeddedControl_12 co-occurred in one abstract index during Phase_02. || Synthetic record: EmbeddedControl_12 and Campaign_EC12 shared the same abstract link during Phase_03.,51.3,60.0,0,0,funding_and_min_grade_2_v1,minimum_evidence_grade_below_2,0,0,0,0,1,true_negative,"not high priority: raw score 51.30 is below threshold 60.0: includes a direct synthetic funding edge (grade 4); weakest hop grade 1, mean grade 2.33; drops to a grade-0/1 hop and is ineligible for high-priority review; passes through an embedded control actor connected only by weak co-occurrence.",No review action required; retain in the audit log for completeness.
CAND_0026,CAND_0026,Funder_003 -> Intermediary_003 -> EmbeddedControl_04 -> Campaign_EC04,funds -> co_occurs_with -> shares_link,4 -> 1 -> 2,ground-truth -> negative-control -> negative-control,Synthetic record: Funder_003 is listed as providing funding to Intermediary_003 during Phase_01. || Synthetic record: Intermediary_003 and EmbeddedControl_04 co-occurred in one abstract index during Phase_02. || Synthetic record: EmbeddedControl_04 and Campaign_EC04 shared the same abstract link during Phase_03.,51.3,60.0,0,0,funding_and_min_grade_2_v1,minimum_evidence_grade_below_2,0,0,0,0,1,true_negative,"not high priority: raw score 51.30 is below threshold 60.0: includes a direct synthetic funding edge (grade 4); weakest hop grade 1, mean grade 2.33; drops to a grade-0/1 hop and is ineligible for high-priority review; passes through an embedded control actor connected only by weak co-occurrence.",No review action required; retain in the audit log for completeness.
CAND_0041,CAND_0041,Funder_005 -> Intermediary_005 -> EmbeddedControl_06 -> Campaign_EC06,funds -> co_occurs_with -> shares_link,4 -> 1 -> 2,ground-truth -> negative-control -> negative-control,Synthetic record: Funder_005 is listed as providing funding to Intermediary_005 during Phase_01. || Synthetic record: Intermediary_005 and EmbeddedControl_06 co-occurred in one abstract index during Phase_02. || Synthetic record: EmbeddedControl_06 and Campaign_EC06 shared the same abstract link during Phase_03.,51.3,60.0,0,0,funding_and_min_grade_2_v1,minimum_evidence_grade_below_2,0,0,0,0,1,true_negative,"not high priority: raw score 51.30 is below threshold 60.0: includes a direct synthetic funding edge (grade 4); weakest hop grade 1, mean grade 2.33; drops to a grade-0/1 hop and is ineligible for high-priority review; passes through an embedded control actor connected only by weak co-occurrence.",No review action required; retain in the audit log for completeness.
CAND_0063,CAND_0063,Funder_007 -> Intermediary_007 -> EmbeddedControl_08 -> Campaign_EC08,funds -> co_occurs_with -> shares_link,4 -> 1 -> 2,ground-truth -> negative-control -> negative-control,Synthetic record: Funder_007 is listed as providing funding to Intermediary_007 during Phase_01. || Synthetic record: Intermediary_007 and EmbeddedControl_08 co-occurred in one abstract index during Phase_02. || Synthetic record: EmbeddedControl_08 and Campaign_EC08 shared the same abstract link during Phase_03.,51.3,60.0,0,0,funding_and_min_grade_2_v1,minimum_evidence_grade_below_2,0,0,0,0,1,true_negative,"not high priority: raw score 51.30 is below threshold 60.0: includes a direct synthetic funding edge (grade 4); weakest hop grade 1, mean grade 2.33; drops to a grade-0/1 hop and is ineligible for high-priority review; passes through an embedded control actor connected only by weak co-occurrence.",No review action required; retain in the audit log for completeness.
CAND_0013,CAND_0013,Funder_001 -> Intermediary_001 -> EmbeddedControl_02 -> Campaign_EC02,funds -> co_occurs_with -> shares_link,4 -> 1 -> 2,ground-truth -> negative-control -> negative-control,Synthetic record: Funder_001 is listed as providing funding to Intermediary_001 during Phase_01. || Synthetic record: Intermediary_001 and EmbeddedControl_02 co-occurred in one abstract index during Phase_02. || Synthetic record: EmbeddedControl_02 and Campaign_EC02 shared the same abstract link during Phase_03.,51.3,60.0,0,0,funding_and_min_grade_2_v1,minimum_evidence_grade_below_2,0,0,0,0,1,true_negative,"not high priority: raw score 51.30 is below threshold 60.0: includes a direct synthetic funding edge (grade 4); weakest hop grade 1, mean grade 2.33; drops to a grade-0/1 hop and is ineligible for high-priority review; passes through an embedded control actor connected only by weak co-occurrence.",No review action required; retain in the audit log for completeness.
CAND_0074,CAND_0074,Funder_009 -> Intermediary_009 -> EmbeddedControl_10 -> Campaign_EC10,funds -> co_occurs_with -> shares_link,4 -> 1 -> 2,ground-truth -> negative-control -> negative-control,Synthetic record: Funder_009 is listed as providing funding to Intermediary_009 during Phase_01. || Synthetic record: Intermediary_009 and EmbeddedControl_10 co-occurred in one abstract index during Phase_02. || Synthetic record: EmbeddedControl_10 and Campaign_EC10 shared the same abstract link during Phase_03.,51.3,60.0,0,0,funding_and_min_grade_2_v1,minimum_evidence_grade_below_2,0,0,0,0,1,true_negative,"not high priority: raw score 51.30 is below threshold 60.0: includes a direct synthetic funding edge (grade 4); weakest hop grade 1, mean grade 2.33; drops to a grade-0/1 hop and is ineligible for high-priority review; passes through an embedded control actor connected only by weak co-occurrence.",No review action required; retain in the audit log for completeness.
CAND_0107,CAND_0107,Funder_L012 -> Intermediary_L012 -> Report_L012,funds -> co_occurs_with,4 -> 1,distractor -> distractor,Synthetic record: Funder_L012 is listed as providing funding to Intermediary_L012 during Phase_01. || Synthetic record: Intermediary_L012 and Report_L012 co-occurred in one abstract index during Phase_02.,50.95,60.0,0,0,funding_and_min_grade_2_v1,minimum_evidence_grade_below_2,0,0,0,0,0,true_negative,"not high priority: raw score 50.95 is below threshold 60.0: includes a direct synthetic funding edge (grade 4); weakest hop grade 1, mean grade 2.50; drops to a grade-0/1 hop and is ineligible for high-priority review.",No review action required; retain in the audit log for completeness.
CAND_0109,CAND_0109,Funder_L014 -> Intermediary_L014 -> Report_L014,funds -> co_occurs_with,4 -> 1,distractor -> distractor,Synthetic record: Funder_L014 is listed as providing funding to Intermediary_L014 during Phase_01. || Synthetic record: Intermediary_L014 and Report_L014 co-occurred in one abstract index during Phase_02.,50.95,60.0,0,0,funding_and_min_grade_2_v1,minimum_evidence_grade_below_2,0,0,0,0,0,true_negative,"not high priority: raw score 50.95 is below threshold 60.0: includes a direct synthetic funding edge (grade 4); weakest hop grade 1, mean grade 2.50; drops to a grade-0/1 hop and is ineligible for high-priority review.",No review action required; retain in the audit log for completeness.
CAND_0097,CAND_0097,Funder_L002 -> Intermediary_L002 -> Report_L002,funds -> co_occurs_with,4 -> 1,distractor -> distractor,Synthetic record: Funder_L002 is listed as providing funding to Intermediary_L002 during Phase_01. || Synthetic record: Intermediary_L002 and Report_L002 co-occurred in one abstract index during Phase_02.,50.95,60.0,0,0,funding_and_min_grade_2_v1,minimum_evidence_grade_below_2,0,0,0,0,0,true_negative,"not high priority: raw score 50.95 is below threshold 60.0: includes a direct synthetic funding edge (grade 4); weakest hop grade 1, mean grade 2.50; drops to a grade-0/1 hop and is ineligible for high-priority review.",No review action required; retain in the audit log for completeness.
CAND_0105,CAND_0105,Funder_L010 -> Intermediary_L010 -> Report_L010,funds -> co_occurs_with,4 -> 1,distractor -> distractor,Synthetic record: Funder_L010 is listed as providing funding to Intermediary_L010 during Phase_01. || Synthetic record: Intermediary_L010 and Report_L010 co-occurred in one abstract index during Phase_02.,50.95,60.0,0,0,funding_and_min_grade_2_v1,minimum_evidence_grade_below_2,0,0,0,0,0,true_negative,"not high priority: raw score 50.95 is below threshold 60.0: includes a direct synthetic funding edge (grade 4); weakest hop grade 1, mean grade 2.50; drops to a grade-0/1 hop and is ineligible for high-priority review.",No review action required; retain in the audit log for completeness.
CAND_0040,CAND_0040,Funder_004 -> Intermediary_004 -> Campaign_010,funds -> co_occurs_with,4 -> 1,ground-truth -> distractor,Synthetic record: Funder_004 is listed as providing funding to Intermediary_004 during Phase_01. || Synthetic record: Intermediary_004 and Campaign_010 co-occurred in one abstract index during Phase_02.,50.95,60.0,0,0,funding_and_min_grade_2_v1,minimum_evidence_grade_below_2,0,0,0,0,0,true_negative,"not high priority: raw score 50.95 is below threshold 60.0: includes a direct synthetic funding edge (grade 4); weakest hop grade 1, mean grade 2.50; drops to a grade-0/1 hop and is ineligible for high-priority review.",No review action required; retain in the audit log for completeness.
CAND_0011,CAND_0011,Funder_001 -> Intermediary_001 -> Campaign_004,funds -> co_occurs_with,4 -> 1,ground-truth -> distractor,Synthetic record: Funder_001 is listed as providing funding to Intermediary_001 during Phase_01. || Synthetic record: Intermediary_001 and Campaign_004 co-occurred in one abstract index during Phase_03.,50.95,60.0,0,0,funding_and_min_grade_2_v1,minimum_evidence_grade_below_2,0,0,0,0,0,true_negative,"not high priority: raw score 50.95 is below threshold 60.0: includes a direct synthetic funding edge (grade 4); weakest hop grade 1, mean grade 2.50; drops to a grade-0/1 hop and is ineligible for high-priority review.",No review action required; retain in the audit log for completeness.
CAND_0042,CAND_0042,Funder_005 -> Intermediary_005 -> Campaign_012,funds -> co_occurs_with,4 -> 1,ground-truth -> distractor,Synthetic record: Funder_005 is listed as providing funding to Intermediary_005 during Phase_01. || Synthetic record: Intermediary_005 and Campaign_012 co-occurred in one abstract index during Phase_03.,50.95,60.0,0,0,funding_and_min_grade_2_v1,minimum_evidence_grade_below_2,0,0,0,0,0,true_negative,"not high priority: raw score 50.95 is below threshold 60.0: includes a direct synthetic funding edge (grade 4); weakest hop grade 1, mean grade 2.50; drops to a grade-0/1 hop and is ineligible for high-priority review.",No review action required; retain in the audit log for completeness.
CAND_0052,CAND_0052,Funder_006 -> Intermediary_006 -> Campaign_014,funds -> co_occurs_with,4 -> 1,ground-truth -> distractor,Synthetic record: Funder_006 is listed as providing funding to Intermediary_006 during Phase_01. || Synthetic record: Intermediary_006 and Campaign_014 co-occurred in one abstract index during Phase_04.,50.95,60.0,0,0,funding_and_min_grade_2_v1,minimum_evidence_grade_below_2,0,0,0,0,0,true_negative,"not high priority: raw score 50.95 is below threshold 60.0: includes a direct synthetic funding edge (grade 4); weakest hop grade 1, mean grade 2.50; drops to a grade-0/1 hop and is ineligible for high-priority review.",No review action required; retain in the audit log for completeness.
CAND_0021,CAND_0021,Funder_002 -> Intermediary_002 -> Campaign_006,funds -> co_occurs_with,4 -> 1,ground-truth -> distractor,Synthetic record: Funder_002 is listed as providing funding to Intermediary_002 during Phase_01. || Synthetic record: Intermediary_002 and Campaign_006 co-occurred in one abstract index during Phase_04.,50.95,60.0,0,0,funding_and_min_grade_2_v1,minimum_evidence_grade_below_2,0,0,0,0,0,true_negative,"not high priority: raw score 50.95 is below threshold 60.0: includes a direct synthetic funding edge (grade 4); weakest hop grade 1, mean grade 2.50; drops to a grade-0/1 hop and is ineligible for high-priority review.",No review action required; retain in the audit log for completeness.
CAND_0001,CAND_0001,Funder_000 -> Intermediary_000 -> Campaign_002,funds -> co_occurs_with,4 -> 1,ground-truth -> distractor,Synthetic record: Funder_000 is listed as providing funding to Intermediary_000 during Phase_01. || Synthetic record: Intermediary_000 and Campaign_002 co-occurred in one abstract index during Phase_02.,50.95,60.0,0,0,funding_and_min_grade_2_v1,minimum_evidence_grade_below_2,0,0,0,0,0,true_negative,"not high priority: raw score 50.95 is below threshold 60.0: includes a direct synthetic funding edge (grade 4); weakest hop grade 1, mean grade 2.50; drops to a grade-0/1 hop and is ineligible for high-priority review.",No review action required; retain in the audit log for completeness.
CAND_0069,CAND_0069,Funder_008 -> Intermediary_008 -> Campaign_018,funds -> co_occurs_with,4 -> 1,ground-truth -> distractor,Synthetic record: Funder_008 is listed as providing funding to Intermediary_008 during Phase_01. || Synthetic record: Intermediary_008 and Campaign_018 co-occurred in one abstract index during Phase_02.,50.95,60.0,0,0,funding_and_min_grade_2_v1,minimum_evidence_grade_below_2,0,0,0,0,0,true_negative,"not high priority: raw score 50.95 is below threshold 60.0: includes a direct synthetic funding edge (grade 4); weakest hop grade 1, mean grade 2.50; drops to a grade-0/1 hop and is ineligible for high-priority review.",No review action required; retain in the audit log for completeness.
CAND_0073,CAND_0073,Funder_009 -> Intermediary_009 -> Campaign_020,funds -> co_occurs_with,4 -> 1,ground-truth -> distractor,Synthetic record: Funder_009 is listed as providing funding to Intermediary_009 during Phase_01. || Synthetic record: Intermediary_009 and Campaign_020 co-occurred in one abstract index during Phase_03.,50.95,60.0,0,0,funding_and_min_grade_2_v1,minimum_evidence_grade_below_2,0,0,0,0,0,true_negative,"not high priority: raw score 50.95 is below threshold 60.0: includes a direct synthetic funding edge (grade 4); weakest hop grade 1, mean grade 2.50; drops to a grade-0/1 hop and is ineligible for high-priority review.",No review action required; retain in the audit log for completeness.
CAND_0103,CAND_0103,Funder_L008 -> Intermediary_L008 -> Report_L008,funds -> co_occurs_with,4 -> 1,distractor -> distractor,Synthetic record: Funder_L008 is listed as providing funding to Intermediary_L008 during Phase_01. || Synthetic record: Intermediary_L008 and Report_L008 co-occurred in one abstract index during Phase_02.,50.95,60.0,0,0,funding_and_min_grade_2_v1,minimum_evidence_grade_below_2,0,0,0,0,0,true_negative,"not high priority: raw score 50.95 is below threshold 60.0: includes a direct synthetic funding edge (grade 4); weakest hop grade 1, mean grade 2.50; drops to a grade-0/1 hop and is ineligible for high-priority review.",No review action required; retain in the audit log for completeness.
CAND_0101,CAND_0101,Funder_L006 -> Intermediary_L006 -> Report_L006,funds -> co_occurs_with,4 -> 1,distractor -> distractor,Synthetic record: Funder_L006 is listed as providing funding to Intermediary_L006 during Phase_01. || Synthetic record: Intermediary_L006 and Report_L006 co-occurred in one abstract index during Phase_02.,50.95,60.0,0,0,funding_and_min_grade_2_v1,minimum_evidence_grade_below_2,0,0,0,0,0,true_negative,"not high priority: raw score 50.95 is below threshold 60.0: includes a direct synthetic funding edge (grade 4); weakest hop grade 1, mean grade 2.50; drops to a grade-0/1 hop and is ineligible for high-priority review.",No review action required; retain in the audit log for completeness.
CAND_0099,CAND_0099,Funder_L004 -> Intermediary_L004 -> Report_L004,funds -> co_occurs_with,4 -> 1,distractor -> distractor,Synthetic record: Funder_L004 is listed as providing funding to Intermediary_L004 during Phase_01. || Synthetic record: Intermediary_L004 and Report_L004 co-occurred in one abstract index during Phase_02.,50.95,60.0,0,0,funding_and_min_grade_2_v1,minimum_evidence_grade_below_2,0,0,0,0,0,true_negative,"not high priority: raw score 50.95 is below threshold 60.0: includes a direct synthetic funding edge (grade 4); weakest hop grade 1, mean grade 2.50; drops to a grade-0/1 hop and is ineligible for high-priority review.",No review action required; retain in the audit log for completeness.
CAND_0095,CAND_0095,Funder_L000 -> Intermediary_L000 -> Report_L000,funds -> co_occurs_with,4 -> 1,distractor -> distractor,Synthetic record: Funder_L000 is listed as providing funding to Intermediary_L000 during Phase_01. || Synthetic record: Intermediary_L000 and Report_L000 co-occurred in one abstract index during Phase_02.,50.95,60.0,0,0,funding_and_min_grade_2_v1,minimum_evidence_grade_below_2,0,0,0,0,0,true_negative,"not high priority: raw score 50.95 is below threshold 60.0: includes a direct synthetic funding edge (grade 4); weakest hop grade 1, mean grade 2.50; drops to a grade-0/1 hop and is ineligible for high-priority review.",No review action required; retain in the audit log for completeness.
CAND_0053,CAND_0053,Funder_006 -> Intermediary_006 -> EmbeddedControl_07 -> Report_EC07,funds -> co_occurs_with -> co_occurs_with,4 -> 1 -> 1,ground-truth -> negative-control -> negative-control,Synthetic record: Funder_006 is listed as providing funding to Intermediary_006 during Phase_01. || Synthetic record: Intermediary_006 and EmbeddedControl_07 co-occurred in one abstract index during Phase_02. || Synthetic record: EmbeddedControl_07 and Report_EC07 co-occurred in one abstract index during Phase_03.,47.2,60.0,0,0,funding_and_min_grade_2_v1,minimum_evidence_grade_below_2,0,0,0,0,1,true_negative,"not high priority: raw score 47.20 is below threshold 60.0: includes a direct synthetic funding edge (grade 4); weakest hop grade 1, mean grade 2.00; drops to a grade-0/1 hop and is ineligible for high-priority review; passes through an embedded control actor connected only by weak co-occurrence.",No review action required; retain in the audit log for completeness.
CAND_0036,CAND_0036,Funder_004 -> Intermediary_004 -> EmbeddedControl_05 -> Report_EC05,funds -> co_occurs_with -> co_occurs_with,4 -> 1 -> 1,ground-truth -> negative-control -> negative-control,Synthetic record: Funder_004 is listed as providing funding to Intermediary_004 during Phase_01. || Synthetic record: Intermediary_004 and EmbeddedControl_05 co-occurred in one abstract index during Phase_02. || Synthetic record: EmbeddedControl_05 and Report_EC05 co-occurred in one abstract index during Phase_03.,47.2,60.0,0,0,funding_and_min_grade_2_v1,minimum_evidence_grade_below_2,0,0,0,0,1,true_negative,"not high priority: raw score 47.20 is below threshold 60.0: includes a direct synthetic funding edge (grade 4); weakest hop grade 1, mean grade 2.00; drops to a grade-0/1 hop and is ineligible for high-priority review; passes through an embedded control actor connected only by weak co-occurrence.",No review action required; retain in the audit log for completeness.
CAND_0007,CAND_0007,Funder_000 -> Intermediary_000 -> EmbeddedControl_01 -> Report_EC01,funds -> co_occurs_with -> co_occurs_with,4 -> 1 -> 1,ground-truth -> negative-control -> negative-control,Synthetic record: Funder_000 is listed as providing funding to Intermediary_000 during Phase_01. || Synthetic record: Intermediary_000 and EmbeddedControl_01 co-occurred in one abstract index during Phase_02. || Synthetic record: EmbeddedControl_01 and Report_EC01 co-occurred in one abstract index during Phase_03.,47.2,60.0,0,0,funding_and_min_grade_2_v1,minimum_evidence_grade_below_2,0,0,0,0,1,true_negative,"not high priority: raw score 47.20 is below threshold 60.0: includes a direct synthetic funding edge (grade 4); weakest hop grade 1, mean grade 2.00; drops to a grade-0/1 hop and is ineligible for high-priority review; passes through an embedded control actor connected only by weak co-occurrence.",No review action required; retain in the audit log for completeness.
CAND_0020,CAND_0020,Funder_002 -> Intermediary_002 -> EmbeddedControl_03 -> Report_EC03,funds -> co_occurs_with -> co_occurs_with,4 -> 1 -> 1,ground-truth -> negative-control -> negative-control,Synthetic record: Funder_002 is listed as providing funding to Intermediary_002 during Phase_01. || Synthetic record: Intermediary_002 and EmbeddedControl_03 co-occurred in one abstract index during Phase_02. || Synthetic record: EmbeddedControl_03 and Report_EC03 co-occurred in one abstract index during Phase_03.,47.2,60.0,0,0,funding_and_min_grade_2_v1,minimum_evidence_grade_below_2,0,0,0,0,1,true_negative,"not high priority: raw score 47.20 is below threshold 60.0: includes a direct synthetic funding edge (grade 4); weakest hop grade 1, mean grade 2.00; drops to a grade-0/1 hop and is ineligible for high-priority review; passes through an embedded control actor connected only by weak co-occurrence.",No review action required; retain in the audit log for completeness.
CAND_0078,CAND_0078,Funder_010 -> Intermediary_010 -> EmbeddedControl_11 -> Report_EC11,funds -> co_occurs_with -> co_occurs_with,4 -> 1 -> 1,ground-truth -> negative-control -> negative-control,Synthetic record: Funder_010 is listed as providing funding to Intermediary_010 during Phase_01. || Synthetic record: Intermediary_010 and EmbeddedControl_11 co-occurred in one abstract index during Phase_02. || Synthetic record: EmbeddedControl_11 and Report_EC11 co-occurred in one abstract index during Phase_03.,47.2,60.0,0,0,funding_and_min_grade_2_v1,minimum_evidence_grade_below_2,0,0,0,0,1,true_negative,"not high priority: raw score 47.20 is below threshold 60.0: includes a direct synthetic funding edge (grade 4); weakest hop grade 1, mean grade 2.00; drops to a grade-0/1 hop and is ineligible for high-priority review; passes through an embedded control actor connected only by weak co-occurrence.",No review action required; retain in the audit log for completeness.
CAND_0068,CAND_0068,Funder_008 -> Intermediary_008 -> EmbeddedControl_09 -> Report_EC09,funds -> co_occurs_with -> co_occurs_with,4 -> 1 -> 1,ground-truth -> negative-control -> negative-control,Synthetic record: Funder_008 is listed as providing funding to Intermediary_008 during Phase_01. || Synthetic record: Intermediary_008 and EmbeddedControl_09 co-occurred in one abstract index during Phase_02. || Synthetic record: EmbeddedControl_09 and Report_EC09 co-occurred in one abstract index during Phase_03.,47.2,60.0,0,0,funding_and_min_grade_2_v1,minimum_evidence_grade_below_2,0,0,0,0,1,true_negative,"not high priority: raw score 47.20 is below threshold 60.0: includes a direct synthetic funding edge (grade 4); weakest hop grade 1, mean grade 2.00; drops to a grade-0/1 hop and is ineligible for high-priority review; passes through an embedded control actor connected only by weak co-occurrence.",No review action required; retain in the audit log for completeness.
CAND_0112,CAND_0112,Funder_W02 -> SocialAccount_WC02 -> MediaOutlet_WC02 -> Campaign_WC02,shares_link -> amplifies -> uses_similar_language,2 -> 2 -> 2,distractor -> distractor -> distractor,Synthetic record: Funder_W02 and SocialAccount_WC02 shared the same abstract link during Phase_01. || Synthetic record: SocialAccount_WC02 repeatedly amplified output attributed to MediaOutlet_WC02 during Phase_01. || Synthetic record: MediaOutlet_WC02 used wording closely similar to Campaign_WC02 during Phase_01.,38.3,60.0,0,0,funding_and_min_grade_2_v1,missing_funding_edge,0,0,0,1,0,true_negative,"not high priority: raw score 38.30 is below threshold 60.0: no direct funding edge; weakest hop grade 2, mean grade 2.00; drops to a grade-2 shared-link/amplification hop; weak-signal-only chain (RQ5): no documentary hop anywhere.",No review action required; retain in the audit log for completeness.
CAND_0114,CAND_0114,Funder_W04 -> SocialAccount_WC04 -> MediaOutlet_WC04 -> Campaign_WC04,shares_link -> amplifies -> uses_similar_language,2 -> 2 -> 2,distractor -> distractor -> distractor,Synthetic record: Funder_W04 and SocialAccount_WC04 shared the same abstract link during Phase_01. || Synthetic record: SocialAccount_WC04 repeatedly amplified output attributed to MediaOutlet_WC04 during Phase_01. || Synthetic record: MediaOutlet_WC04 used wording closely similar to Campaign_WC04 during Phase_01.,38.3,60.0,0,0,funding_and_min_grade_2_v1,missing_funding_edge,0,0,0,1,0,true_negative,"not high priority: raw score 38.30 is below threshold 60.0: no direct funding edge; weakest hop grade 2, mean grade 2.00; drops to a grade-2 shared-link/amplification hop; weak-signal-only chain (RQ5): no documentary hop anywhere.",No review action required; retain in the audit log for completeness.
CAND_0120,CAND_0120,Funder_W10 -> SocialAccount_WC10 -> MediaOutlet_WC10 -> Campaign_WC10,shares_link -> amplifies -> uses_similar_language,2 -> 2 -> 2,distractor -> distractor -> distractor,Synthetic record: Funder_W10 and SocialAccount_WC10 shared the same abstract link during Phase_01. || Synthetic record: SocialAccount_WC10 repeatedly amplified output attributed to MediaOutlet_WC10 during Phase_01. || Synthetic record: MediaOutlet_WC10 used wording closely similar to Campaign_WC10 during Phase_01.,38.3,60.0,0,0,funding_and_min_grade_2_v1,missing_funding_edge,0,0,0,1,0,true_negative,"not high priority: raw score 38.30 is below threshold 60.0: no direct funding edge; weakest hop grade 2, mean grade 2.00; drops to a grade-2 shared-link/amplification hop; weak-signal-only chain (RQ5): no documentary hop anywhere.",No review action required; retain in the audit log for completeness.
CAND_0116,CAND_0116,Funder_W06 -> SocialAccount_WC06 -> MediaOutlet_WC06 -> Campaign_WC06,shares_link -> amplifies -> uses_similar_language,2 -> 2 -> 2,distractor -> distractor -> distractor,Synthetic record: Funder_W06 and SocialAccount_WC06 shared the same abstract link during Phase_01. || Synthetic record: SocialAccount_WC06 repeatedly amplified output attributed to MediaOutlet_WC06 during Phase_01. || Synthetic record: MediaOutlet_WC06 used wording closely similar to Campaign_WC06 during Phase_01.,38.3,60.0,0,0,funding_and_min_grade_2_v1,missing_funding_edge,0,0,0,1,0,true_negative,"not high priority: raw score 38.30 is below threshold 60.0: no direct funding edge; weakest hop grade 2, mean grade 2.00; drops to a grade-2 shared-link/amplification hop; weak-signal-only chain (RQ5): no documentary hop anywhere.",No review action required; retain in the audit log for completeness.
CAND_0118,CAND_0118,Funder_W08 -> SocialAccount_WC08 -> MediaOutlet_WC08 -> Campaign_WC08,shares_link -> amplifies -> uses_similar_language,2 -> 2 -> 2,distractor -> distractor -> distractor,Synthetic record: Funder_W08 and SocialAccount_WC08 shared the same abstract link during Phase_01. || Synthetic record: SocialAccount_WC08 repeatedly amplified output attributed to MediaOutlet_WC08 during Phase_01. || Synthetic record: MediaOutlet_WC08 used wording closely similar to Campaign_WC08 during Phase_01.,38.3,60.0,0,0,funding_and_min_grade_2_v1,missing_funding_edge,0,0,0,1,0,true_negative,"not high priority: raw score 38.30 is below threshold 60.0: no direct funding edge; weakest hop grade 2, mean grade 2.00; drops to a grade-2 shared-link/amplification hop; weak-signal-only chain (RQ5): no documentary hop anywhere.",No review action required; retain in the audit log for completeness.
CAND_0111,CAND_0111,Funder_W01 -> SocialAccount_WC01 -> MediaOutlet_WC01 -> Proxy_WC01 -> Report_WC01,co_occurs_with -> shares_link -> amplifies -> uses_similar_language,1 -> 2 -> 2 -> 2,distractor -> distractor -> distractor -> distractor,Synthetic record: Funder_W01 and SocialAccount_WC01 co-occurred in one abstract index during Phase_01. || Synthetic record: SocialAccount_WC01 and MediaOutlet_WC01 shared the same abstract link during Phase_01. || Synthetic record: MediaOutlet_WC01 repeatedly amplified output attributed to Proxy_WC01 during Phase_02. || Synthetic record: Proxy_WC01 used wording closely similar to Report_WC01 during Phase_02.,27.77,60.0,0,0,funding_and_min_grade_2_v1,missing_funding_edge;minimum_evidence_grade_below_2,0,0,0,1,0,true_negative,"not high priority: raw score 27.77 is below threshold 60.0: no direct funding edge; weakest hop grade 1, mean grade 1.75; drops to a grade-0/1 hop and is ineligible for high-priority review; weak-signal-only chain (RQ5): no documentary hop anywhere.",No review action required; retain in the audit log for completeness.
CAND_0115,CAND_0115,Funder_W05 -> SocialAccount_WC05 -> MediaOutlet_WC05 -> Proxy_WC05 -> Report_WC05,co_occurs_with -> shares_link -> amplifies -> uses_similar_language,1 -> 2 -> 2 -> 2,distractor -> distractor -> distractor -> distractor,Synthetic record: Funder_W05 and SocialAccount_WC05 co-occurred in one abstract index during Phase_01. || Synthetic record: SocialAccount_WC05 and MediaOutlet_WC05 shared the same abstract link during Phase_01. || Synthetic record: MediaOutlet_WC05 repeatedly amplified output attributed to Proxy_WC05 during Phase_02. || Synthetic record: Proxy_WC05 used wording closely similar to Report_WC05 during Phase_02.,27.77,60.0,0,0,funding_and_min_grade_2_v1,missing_funding_edge;minimum_evidence_grade_below_2,0,0,0,1,0,true_negative,"not high priority: raw score 27.77 is below threshold 60.0: no direct funding edge; weakest hop grade 1, mean grade 1.75; drops to a grade-0/1 hop and is ineligible for high-priority review; weak-signal-only chain (RQ5): no documentary hop anywhere.",No review action required; retain in the audit log for completeness.
CAND_0113,CAND_0113,Funder_W03 -> SocialAccount_WC03 -> MediaOutlet_WC03 -> Proxy_WC03 -> Report_WC03,co_occurs_with -> shares_link -> amplifies -> uses_similar_language,1 -> 2 -> 2 -> 2,distractor -> distractor -> distractor -> distractor,Synthetic record: Funder_W03 and SocialAccount_WC03 co-occurred in one abstract index during Phase_01. || Synthetic record: SocialAccount_WC03 and MediaOutlet_WC03 shared the same abstract link during Phase_01. || Synthetic record: MediaOutlet_WC03 repeatedly amplified output attributed to Proxy_WC03 during Phase_02. || Synthetic record: Proxy_WC03 used wording closely similar to Report_WC03 during Phase_02.,27.77,60.0,0,0,funding_and_min_grade_2_v1,missing_funding_edge;minimum_evidence_grade_below_2,0,0,0,1,0,true_negative,"not high priority: raw score 27.77 is below threshold 60.0: no direct funding edge; weakest hop grade 1, mean grade 1.75; drops to a grade-0/1 hop and is ineligible for high-priority review; weak-signal-only chain (RQ5): no documentary hop anywhere.",No review action required; retain in the audit log for completeness.
CAND_0117,CAND_0117,Funder_W07 -> SocialAccount_WC07 -> MediaOutlet_WC07 -> Proxy_WC07 -> Report_WC07,co_occurs_with -> shares_link -> amplifies -> uses_similar_language,1 -> 2 -> 2 -> 2,distractor -> distractor -> distractor -> distractor,Synthetic record: Funder_W07 and SocialAccount_WC07 co-occurred in one abstract index during Phase_01. || Synthetic record: SocialAccount_WC07 and MediaOutlet_WC07 shared the same abstract link during Phase_01. || Synthetic record: MediaOutlet_WC07 repeatedly amplified output attributed to Proxy_WC07 during Phase_02. || Synthetic record: Proxy_WC07 used wording closely similar to Report_WC07 during Phase_02.,27.77,60.0,0,0,funding_and_min_grade_2_v1,missing_funding_edge;minimum_evidence_grade_below_2,0,0,0,1,0,true_negative,"not high priority: raw score 27.77 is below threshold 60.0: no direct funding edge; weakest hop grade 1, mean grade 1.75; drops to a grade-0/1 hop and is ineligible for high-priority review; weak-signal-only chain (RQ5): no documentary hop anywhere.",No review action required; retain in the audit log for completeness.
CAND_0119,CAND_0119,Funder_W09 -> SocialAccount_WC09 -> MediaOutlet_WC09 -> Proxy_WC09 -> Report_WC09,co_occurs_with -> shares_link -> amplifies -> uses_similar_language,1 -> 2 -> 2 -> 2,distractor -> distractor -> distractor -> distractor,Synthetic record: Funder_W09 and SocialAccount_WC09 co-occurred in one abstract index during Phase_01. || Synthetic record: SocialAccount_WC09 and MediaOutlet_WC09 shared the same abstract link during Phase_01. || Synthetic record: MediaOutlet_WC09 repeatedly amplified output attributed to Proxy_WC09 during Phase_02. || Synthetic record: Proxy_WC09 used wording closely similar to Report_WC09 during Phase_02.,27.77,60.0,0,0,funding_and_min_grade_2_v1,missing_funding_edge;minimum_evidence_grade_below_2,0,0,0,1,0,true_negative,"not high priority: raw score 27.77 is below threshold 60.0: no direct funding edge; weakest hop grade 1, mean grade 1.75; drops to a grade-0/1 hop and is ineligible for high-priority review; weak-signal-only chain (RQ5): no documentary hop anywhere.",No review action required; retain in the audit log for completeness.
